Social Impact,Environmental Impact,Governance,Equality,Knowledge Exchange,Impact of Education,Employability and Opportunities,Health and Wellbeing,Environmental Sustainability,Environmental Education,Environmental Research
92.4,97.3,73.4,83.6,95.2,87.3,99.7,90.7,90.9,98.1,98.2
96.3,98.2,83.4,94.2,100,79.2,99.6,100,95.1,96.6,98.2
88.7,77.2,39.4,76.7,90,89.7,99.7,80.1,62.9,82.6,82.9
88.2,76.9,39,79,89.4,88.4,99.1,75.7,62.1,82.5,83
88.7,77.2,37.9,79.3,86.7,89.7,99.8,79.9,62.7,82.6,82.9
87.7,74.5,36.6,78.4,86.6,88.4,100,75.7,54.6,82.2,83.1
95.1,89.8,88.2,85.1,99.9,92.3,96.1,99,86.9,93.5,83.7
91.7,91.2,68.6,73.6,98.5,91.3,99.7,94.4,95.6,77.2,100
86.8,69,40.3,77.2,90.4,80.2,98.6,80.1,54.4,68,82.8
73.2,69.9,56.6,69.3,67.3,43,92.5,92.2,43.1,70,97.1
88.9,83.7,59,86,85,86.8,99.4,75.3,82.6,84.7,79.2
98.1,100,92.5,98.7,99.8,87.3,99.4,95.6,96.6,100,98.4
97.9,93.7,88.5,90.5,99.1,98.1,99.4,98.2,100,85.3,92.3
79,59.1,31.8,58.7,89.3,79.6,95.9,65.8,20.9,76.1,78.7
90.5,85.3,71.4,83.7,86.3,89.6,97.6,93.6,79.3,76.4,99.5
84.7,71.1,31.3,79.1,76.3,87.4,98.2,75.7,55.8,72.6,82.8
86.4,75.8,77.7,83.2,89.2,73.1,95.4,79.9,53.2,76.1,98
100,90.7,98.2,99.1,96.5,100,99.1,97.8,84.5,90.9,92.2
98.4,87.1,97.3,96.6,99.7,90,99,98.2,85.4,80.9,92.4
77.1,57.1,30.7,54,87.3,79.2,95.4,65.8,23.7,67.4,78.7
82.7,55.7,31,79,66.2,86.5,98.9,75.3,8.9,75.8,81
82.2,59.3,31.1,78.6,68.9,86,96,75.2,29.1,65,82.7
88.7,86.9,38.5,83,87.1,87.1,99,75.7,81.2,90.9,83.1
82.7,66.3,66.9,72.8,82.3,81.6,85.8,97.8,28.7,72.9,97.9
98.8,98.4,98.6,99.3,99.8,97,94.6,95.6,93.8,98.7,97.9
88.7,69,84.2,84.9,90,73.9,93.4,96.8,58.2,54,97.6
97.5,86.2,99.7,96.6,99.9,82.2,99.5,99.8,58.9,98,97.9
92.6,74,86.6,83.1,97.8,84.8,96.5,98,41.3,81.9,97.8
93.5,94.1,87.4,86.5,89.1,96.5,97.7,95.6,81,99,97.8
99.8,76.9,87.7,99.2,99.3,99.1,97.1,97.6,70.8,67.7,92.1
88.9,83,92.6,66.3,93.5,95.7,98.9,91.3,75.4,76.5,96.5
88.4,97.5,68,68.8,99.4,78.4,98.8,95,91.6,99.9,96.5
85.7,60.9,39.1,78.3,88.1,82.9,94.8,75.3,39.7,61.3,81.4
97,95.5,99.8,96.6,99.9,79.3,99.1,99.8,89.5,94.6,98.2
86.8,67.5,35.7,81.2,85.1,81,99.8,75.7,38.7,78.8,82.6
82.9,75.4,82.1,80,77.6,74.7,94.1,79.9,54.9,74.1,96.6
96.8,80.1,98.6,91,96.9,96.4,98.2,98,71.2,75.2,92.4
99.1,93,98.5,100,99.6,94.6,96,95.8,80.7,96.7,97.9
86.6,65.2,91,72.8,96.6,74.4,97.1,85.3,61.1,44.6,92.7
96.3,77.8,93.7,91.1,98.2,89.7,98.9,98.2,53.6,85.4,92.4
94.9,78.8,86.5,93.5,97.7,76.6,98.5,99.8,62.8,76.6,96.5
88.4,62,39.3,81.4,89.8,85.2,98,75.5,33.4,68.9,82.7
96.1,74.5,91.6,98.4,95.8,81.8,99.3,94.8,89.2,43.4,94.2
87.7,59.1,39.4,79,89.3,83.6,99.8,75.7,32.5,61.8,82.9
80.6,69.3,88.9,59.7,95.9,61.4,96.5,85.5,38.8,75.3,93.1
76.9,55.5,82.1,61.9,78.9,72.1,84.2,95.2,31,43.4,96.4
71.1,77.6,78.4,72.9,58.1,49.9,90.1,79.1,60.5,75.9,95.6
77.6,50.3,29.4,55.5,87.6,74.2,97.2,65.6,14.9,58,78.2
94.7,92.3,89.3,90.1,96.3,89,98,93,86.8,89.1,98.6
90.7,72.2,88.9,94.4,82.9,87.7,88.7,97.8,97.6,30.7,94.1
83.3,73.3,81.3,59.6,92.1,75,98.1,94,48.6,76.1,94.4
84,58.4,39.1,81.8,82.3,73.7,95.6,75.2,30.8,64.5,79.3
72.9,68.6,57.4,59.9,60.5,65.7,98.4,80.7,36.9,75.9,92.3
97.5,85.5,98.5,99.7,99.3,79,99.1,99.6,73,83.8,97.7
85.4,45.3,40,69.4,89.3,94.4,93.4,79.1,14.5,41.6,83
85.2,75.6,82.6,67.3,83.1,88.1,98.9,90.9,55.6,76.1,94.5
80.3,70.4,74.2,83,82.5,59,86,80.1,40.3,74.2,97.1
77.8,44.2,32.2,72,65.3,78.9,96,72.6,22.7,35.5,78.4
84.7,62.7,37.4,69.4,83.8,93.8,96.2,77.3,37.9,67.5,81.2
86.8,68.6,78.2,82.7,96,70.9,91,83.1,41.5,74.2,88.9
86.4,69.9,39.3,81.7,89.2,77.1,96.3,75.7,45,79.6,82.5
76.4,73.1,62.3,76.2,76,57.2,87.7,78.3,51,72.2,95.6
87,72.2,81.5,78.9,82,94.8,87.8,96.8,35.1,82.2,97.5
87.7,51.6,40.1,77.4,89.9,97.4,91.4,77.7,15.7,57,83
94.2,97.7,96.3,96.9,92.1,87.1,92.4,96.4,91.7,98.3,98.4
86.4,54.1,38.1,78.8,82.6,85.5,99.2,75.2,13.8,65.7,82.4
81.7,72.9,90.1,61.5,80.5,84.8,96.1,90.9,48.6,75.1,93.5
82.4,78.3,89.7,76.5,78.6,77.3,93.6,79.3,69,75.6,87.4
95.4,62.7,99.9,96.7,95.4,78.1,98.8,98.6,54.2,43.9,94.1
87,61.8,38.6,78.9,88.4,83.8,98.5,75.5,32.3,70.2,82.1
72.5,61.8,64.5,62.9,88.9,67.7,70.4,73,23.6,87.4,69.3
82.2,54.3,32.1,80.8,75.3,76.3,94.6,75.3,22.6,58.9,82.4
90.5,52.5,90.9,95.4,82.1,80.2,92.4,97.2,50,18.5,97.9
92.6,76,93.4,89.3,94.1,88.4,90.2,99,82,50.1,99.2
97.5,91.9,100,99.9,99.9,91,89.8,99.6,91.1,82.1,99.8
86.8,62.9,39.5,79.3,89.8,80.8,97,75.7,33.5,71.3,82.9
85.2,55,34.9,77.9,84.5,84.8,94.8,77.9,29.9,58,76.7
97.7,83.3,94.9,99.3,99.1,83.4,98.2,99.4,71.6,80.8,96.1
81.3,56.6,31.6,80.9,71,82.3,91,74.4,36,55.4,79.4
95.4,83,77.1,93.7,98.8,80.9,96,99.8,72.9,77.6,97.9
95.4,78.3,96.8,93.7,99.4,77.1,98.7,99.8,60.4,75.7,97.6
95.4,74.7,98.1,93.3,96.7,95.7,92.4,92.6,56.4,74.1,92.3
87.3,66.5,39.4,82.2,88.5,79,96.4,79.9,50.9,65.1,82.7
90.3,55.7,95.7,89,89.1,81.9,91.5,95,37.5,44.2,89.6
67.2,70.6,79.9,50,72.4,44.4,86.3,88.1,48.5,74.9,86.6
75.5,68.8,69,63.1,77.9,61.4,89.9,84.1,60,71.7,71.8
86.6,57.1,39.4,82.8,85.2,88.3,92.4,76.3,36.3,55.9,80.2
94.9,76.5,99.2,98.9,90.9,85.8,93.8,98,65.9,70.6,92.5
94.4,86.7,99.8,96.2,98.3,76.4,95.1,97.8,83.9,78,96.1
95.6,77.2,96,95.2,98,81.5,98.4,95.4,54.8,77.9,98.1
86.4,75.6,84.8,80.2,83.4,70.2,98.7,95,53.4,75.3,97.6
87.5,79.7,88.2,85.6,99,63.7,90,88.9,65.4,81.5,89.4
87.3,62.5,85.5,83.2,88.5,91,83.7,88.7,48,52.6,89.1
82.9,73.3,74.1,68.3,97.5,72.4,85.5,89.9,40,90.9,84.9
52.6,37.8,29.1,37.9,72.1,49.9,65.6,30.2,14.2,64,29.3
92.8,83,97.7,90.5,94.3,87.4,91.5,95.4,71.1,79,97.5
80.3,47.6,29.7,73,74.5,84.1,90.2,75.5,24.6,40.2,81.2
56.3,62.7,87.9,40.2,52.7,38.5,80.8,75.3,49.6,66.8,69.6
85,71.3,80.3,80.1,87.2,61.5,95.3,95.4,36,81.1,95.6
84.5,70.4,39.4,68.7,90,97.8,88.1,80.3,60.8,65.4,84.4
57.4,56.2,53,36.3,69.6,24.3,83.1,75.7,36.9,50.9,82.2
84,61.8,87.9,69.7,92.9,64.7,95.6,95.4,43.9,47.5,97.5
93.1,92.3,98.1,92.6,92.5,95.7,84.8,99.6,79.1,94.8,99.2
89.1,72.4,93.7,92.4,92.4,68.9,88.9,96.6,47.7,73.6,95.2
95.4,81,98.5,96.6,98.2,75.3,97,99.6,69.1,75.3,97.8
81,67.2,31.8,70.1,71.6,95.8,90.4,79.3,59.3,58.7,84.1
78.3,73.3,74.9,70,79.3,54.8,93.6,92.2,48.9,79.8,89.3
96.1,77.8,99.6,97.6,98.3,78.6,97,99.4,66.2,70.8,97.3
85.9,63.6,38.6,79.3,86,80.2,97.8,75.2,44.5,63.3,82.2
83.1,61.8,37.3,73,80.1,96.8,86.9,78.9,35.2,66.9,82.4
74.6,64.5,31.1,62.1,74.8,72.5,84.6,79.7,46.9,62.1,84.5
84.7,60.2,82.1,77.5,92.1,68.7,92,88.1,41.3,51.9,90.3
86.4,86.4,72.7,84.8,86.4,73.4,87.8,98.2,91.6,69.4,98.3
75.7,59.1,25.4,68.9,61.1,70.3,99.5,74.4,37.4,58.3,82.4
92.1,73.1,96.2,86.8,97.2,83.8,93.6,94.2,48.7,73.2,97.5
86.4,58.9,38.4,79.2,87.5,86.3,94.3,75.5,25.4,68,82.5
89.8,81,80.3,93.5,86.5,90.6,79.9,99.8,87.1,58.2,99.4
69.5,65.6,63.1,52.6,86.5,43.7,84.3,75.3,38,74.8,82.2
80.8,73.6,36.9,72.4,77.3,96.8,81.9,78.1,54.2,80.8,83.3
95.8,90.5,98.5,96.7,98.1,90.2,92.9,94.4,90.7,82.9,95.6
93.3,78.1,89.8,99.4,96,72.4,89.9,99,62.2,77.2,94.1
79.2,67.9,77,73.5,84.3,68.6,83,85.5,47.5,69.5,86.1
93.3,72.4,98.1,99.2,86.4,87.6,90.9,97,50.1,74.8,91.8
79,68.8,93,68.9,64.1,81,95.9,87.5,48.1,72.2,84.5
94.7,84,88.5,98.7,92.4,83.9,95.8,94.6,66.8,85.6,96.7
94.2,76.5,93.7,98.7,93.6,81.2,93,96,62,71,96.3
78.3,39.9,30.5,63.6,74,86.1,91.7,77.5,8.7,32.9,83
81.5,63.4,36.8,72.6,84.4,92.8,79.8,80.1,21.2,81.8,84.6
94.7,80.3,95.7,93.8,98.3,73.8,98.4,99.8,66.3,75.9,98.2
84.7,68.4,57.9,83.4,86.8,71.9,93.5,75.7,42.3,78.3,82.4
78.7,57.1,35.9,71.9,80.2,82.6,80.6,78.1,20.5,69,80.8
88.4,59.5,66.9,84.8,87.8,90.2,86.4,92.2,27.4,73.4,75.7
94.7,74.7,92.8,93.3,96,89.4,91.5,97.2,58.6,72.2,92.2
90.1,69.5,85.8,86.5,95.4,87,87.9,87.9,40.7,74.5,92.5
62.8,48,22.9,42.2,66.1,71.6,76.1,64.6,13.2,56.9,73.8
78,40.6,67.3,77.1,54.9,74.5,97.2,83.9,32,20.3,74.3
84,62,39,72,85.9,95.2,88.3,77.1,48.3,57.4,80.7
73.2,66.3,80.1,64.6,91.9,53.1,77.3,71.2,47.9,70.6,78.3
84,74.2,83.6,88.2,69.7,72.5,89.8,97.2,84.7,43.1,99.3
82,56.4,82.5,70.6,93.2,81.2,79.7,85.3,16.9,66.7,86.1
94.2,76.7,100,99.3,96.5,75.1,90.6,99.4,58,74,98
81.5,39.9,37.6,67.8,83.6,90.3,88.4,78.5,15.8,26.2,82.7
70.4,49.8,24.2,71.4,53.7,66.1,84.7,74.2,13.5,58.7,77.5
82,74,45.7,75.6,78.3,87.6,87.2,80.3,52.5,81.5,84.6
66.9,49.4,23.7,43.8,73,67.9,85.7,65.6,12.7,58.4,77.5
76.9,67.5,79.3,65.2,91,72.1,83.7,66.8,55,72.8,70.7
75.7,54.8,31,62,69.5,74.8,95.8,75.7,23.1,60,81.4
66,70.4,60,44.7,91.1,45.1,75.6,74.4,60.4,72.6,75.7
81.7,58,59.2,75.2,89.3,61.9,90.3,87.3,32.8,54.5,88.1
94.9,64.3,99.7,96.8,95.5,79.2,96.5,98.2,59.7,41.7,95.2
68.8,53.2,60.5,54.2,83.4,46.9,83.1,73,56.8,24.3,84.6
95.4,76.7,97.1,98.6,99.7,79,93.9,95.2,56.1,75.8,98
76.4,70.8,79.7,69.6,79.2,54.4,89,85.7,54,73.4,83.3
79,52.8,38,61.8,84.3,69.5,98.2,75.3,17.7,58.6,82.1
89.6,77.2,80.3,94.3,82.2,88.1,83.9,99,68.6,76.5,84
79.2,53,51.8,72.1,76.2,75.3,90.6,75.7,11.9,64.5,82.4
78.5,55.7,36.9,63.7,80.4,96.1,81.3,77.1,32.2,55.4,80.7
83.8,40.6,36.6,77.7,82,84.2,91.8,78.1,41.6,9.4,78.8
89.1,73.1,92.6,88.9,86.9,83.5,89.3,94.6,50.3,72.7,96.3
80.8,52.8,32,76.2,69.7,90.2,88.9,78.7,14.8,61.3,83.4
83.6,57.3,36.1,72.9,84.6,96.7,85,78.7,24.6,64.2,82.7
79.2,76.3,89.7,69.4,65.2,79.6,95.4,90.1,67,74.2,85.4
59.3,55,86.3,62,85,39.4,52.5,46.9,50.9,70.7,36.6
87,72.4,88.3,84.4,87.9,90.7,82.2,92.4,46.6,79.6,88.9
94.4,74.9,99.5,99.5,99.3,69.9,93.6,99.2,62.6,65.7,96.9
86.6,76,97.2,90.4,77.3,91.6,80.5,95.2,69,75.6,79.7
91.2,74.9,97.4,95.8,88.8,86.4,85.1,96.8,56.7,75.4,91.8
79.4,67.7,90.6,72.1,87.3,44.7,95.7,90.1,42.1,74.2,85.2
94.7,88,85.2,93.9,96.4,97,86.3,97.6,89.5,75.4,98.7
95.1,81,90.1,97.1,99.3,75.1,94.3,99.8,64.7,78.7,98.2
85.7,85.5,91.4,91.4,87.8,75.1,79.6,85.9,89.9,74.9,89.8
86.6,73.3,73.5,95.2,82.9,74.7,80.9,95.2,53.3,72.7,92.8
88.2,80.1,87.8,92.4,83.7,73.4,88.9,98.8,64.2,78.1,97.1
79,70.8,80.1,65.4,88.4,55.6,91.4,93.4,56.8,66.8,88.5
91.7,70.4,88.4,89.8,95,82.9,89.2,97.4,44.6,74,91.8
88.4,66.3,97.6,91.3,86.8,82.8,83.1,96,30.6,72.3,96
87.7,76.9,86.1,87.7,81.4,87.4,87.8,93.2,60.7,76.9,91.6
74.8,51.4,27.9,72.1,67.3,70.2,85.6,75,14.9,57.7,82.9
91.4,71.7,97.2,96.2,85.6,90.2,85.4,97.4,54.6,69.8,90.1
78,72.7,85.3,76.1,81.5,83.6,70.3,79.5,63.6,74.1,78
73.2,62.5,71.7,72,73.4,50.4,87.2,75,48.8,67.9,68.1
71.1,67,48,51.3,90.9,59.2,79.9,74,48,71.4,80
49.6,37.2,23.8,47.1,49.1,28.8,62.1,63.4,12.5,34.6,66.9
94,81.2,100,96.6,99.4,81.5,88,98.8,59.3,85.1,97.1
79.4,55.5,69.7,75.6,78.7,72.8,85.3,80.9,42.6,46.6,79.1
93.8,79.4,87.7,96.3,92.7,76.1,95.6,99.2,58,81.3,97.5
59.1,42.6,22.1,54.7,62.9,46.4,63.6,71.2,5.2,52.7,69.8
73.2,66.3,63.2,72,67.3,59,85.3,80.3,58.9,66.6,71.6
90.3,74,95.9,90.3,95.9,84.5,83.9,94.4,61,68.4,92.4
65.1,45.1,21.7,63.1,55.2,51.9,81.4,71.2,40.6,24,75.1
88.7,73.1,89.3,89.3,83.9,89.1,85.7,95,65.7,59.6,95.4
79.6,72.2,84.8,74.4,89.4,64.5,82.9,84.3,48.9,75.5,91.4
89.4,77.8,91,89.9,80,95.2,87.9,91.7,81.9,64.4,86.8
88.4,80.1,75.9,89.9,86,92.5,77.2,99.2,70.8,70.6,99
71.8,49.8,24.5,56.3,74.1,71.5,87.8,65.6,15.2,57.5,77.3
76.9,54.6,31.7,74.9,76,71.6,81.5,75,34.5,54.2,75
92.6,72.4,98.9,96.9,92.5,81.8,88.2,97.4,57.9,67.1,92
93.1,72,95.8,99.7,85.6,86.8,90.9,94,46,74.5,94.3
85.9,62.5,93.4,82.6,94.3,86.7,83.9,74.4,59.7,42.1,88.8
93.8,79,93.4,97.9,95.9,75.3,94,95.2,62.2,75.9,98.2
73.6,50.7,51.9,56.8,79.9,70.5,83.1,83.7,29.9,38.8,87.4
75,67,57.9,73.7,69.8,71.5,75.6,89.1,48.2,67.7,84.5
95.1,78.8,89.8,98.6,99.2,81.8,92.2,95.6,55.7,81.3,97.8
77.3,47.3,29.9,72.2,71.1,83.8,82.7,75.3,17.6,46.8,80.3
54.2,49.6,47.4,49.1,46.9,28.4,78.6,68,28.7,32.3,94.2
93.5,63.4,99.7,98.8,94.6,77.3,90.3,98.8,58.3,40.7,96.5
62.5,52.3,94,60.6,86,44.4,64.3,41.6,43,72.3,33.7
85.4,54.1,38.5,81.4,86,73.5,98.1,75.5,19,61,82.4
79.9,52.5,56.3,74.6,71.6,86.8,80.5,90.3,9.4,63.1,86.4
64.4,51.2,88.1,61.1,51,62.1,84.2,60,46.2,40.2,69.3
60.7,57.5,45.7,54.6,74.7,37.2,65,70.8,23.3,74,72.6
85,78.5,77.1,80.5,83.6,84.1,82.9,96.8,43.5,92,97.4
89.8,69.3,92.8,94.2,80.4,91,85.6,97.6,44.4,70.5,92.1
86.6,84.2,97,93.3,85.3,77.3,79.7,94.2,58.1,95.2,95.4
75.3,78.3,88.4,70.3,64.1,67.9,93.5,76.1,78.2,71.7,83.1
83.6,61.8,41.4,77.1,77.6,83.1,96.2,75.3,32.2,70,82.2
89.1,59.1,88.9,90.6,91,85.1,80.8,96.2,62.8,34.4,84.4
83.1,58.9,38.3,76.2,86.9,82.2,88.1,75.5,25.7,66.8,83
66.5,66.3,76.4,62.3,89.2,44.3,66.1,62.4,50.5,75.5,69.3
75,49.4,69.5,74.1,62.9,67.7,89.2,77.9,40.1,38.4,72.5
79.2,61.8,31.9,77.7,71.4,87.4,80.7,79.1,36,65,83.6
69,62.9,52.3,41.4,88.9,63.7,81.8,72.4,29.5,74,84.1
79.4,49.4,31.6,71.7,79.9,86.4,82.4,76.9,14.5,56.2,78
91.9,74.9,91.6,93.5,94.2,74.7,92.6,97.6,62.4,67.1,95.1
82.9,64.7,76.7,86.1,75.4,77.9,84.4,88.9,36.3,68,89.7
77.6,62.3,37.6,66.6,82.4,89.6,76.7,76.7,40.6,65.6,79
89.1,63.6,89,97.8,85.2,80.2,82,97.6,53.6,45.1,96.5
67.6,60.2,71.9,52,82.6,45.9,83.3,69.2,66,43,72.7
77.1,69.9,73.8,79.9,90.8,46.2,82,72.6,55.8,73.9,77.3
84.3,47.3,78.8,85.1,75.1,83.2,83.5,97.8,43.9,18.5,86.9
74.3,49.8,25.6,63.2,71.1,88.9,78.1,75.2,13,60.1,75.8
79,62,77,74.5,92.2,57.6,80.8,85.7,49.9,64.9,69.4
75.7,36,29.4,65.1,69.2,80.8,87.2,78.7,33.6,1,83
89.6,55.9,90.7,88.7,95.5,76.8,87.2,94.8,45.9,38.9,86.8
78.7,81.2,91.3,95.5,76.1,60.8,66.1,90.1,61.8,87.1,91.6
92.8,79.9,95.3,96.9,97.6,72.5,89.7,98,52.8,87.9,96.8
88,68.6,95.1,92.4,85.4,84.5,83.8,90.7,38.4,72.9,93.5
83.1,58.9,65.6,87.3,70,80.2,84.8,93.2,34.2,60.8,82.4
85.2,77.6,91,95.3,86.4,74.5,74.8,92.6,57.2,82.5,91.1
62.1,48.9,91.1,63.2,83,44.6,61.9,44.9,31.2,73.7,34.3
76.2,74.7,75.2,76.7,63,71.3,84.3,86.3,61.8,74.3,86.2
72.9,73.8,70.7,66.6,65.4,73.5,81.7,82.9,49.8,82.1,86
82,64.5,70.1,89.9,71.3,69.3,82.5,93.6,31.7,68.8,92.7
85,76.3,96.8,91,82.7,77.3,79.6,89.9,55.5,79.4,92.1
66.9,29.7,55.2,64.5,60.8,70.9,72.3,66.4,18.8,5.1,72.9
89.6,87.1,96.9,98.7,97.4,76.3,74.7,98.6,86,77.3,97.2
82.9,63.8,91.6,73.2,93,88.3,77.1,84.3,32.4,70.5,87.9
75.9,46,31.7,73.4,68.4,79.9,83.1,74.6,16.1,50.2,73.3
85.2,41.5,70.8,92.6,83.6,77.1,78.4,90.5,28.3,23.4,78.3
79.9,73.1,75.7,85.2,80.1,82.1,73.8,74.6,48.2,91.3,74.6
73.6,39.9,61.4,77.7,82.7,50.5,75.4,71.6,40.9,25.1,56.5
66,67,77.9,70.8,52.1,67.4,67.4,77.3,49.4,61.9,91.1
77.1,51.2,30.7,66.3,74.7,81.8,85.3,77.7,14.2,59.3,80.7
66,47.3,26.6,48.8,73.9,58.9,84.2,59,13.6,55.9,73.1
91.7,80.1,99.3,96.6,96.2,86.7,78.6,97.6,78.6,69.1,92.1
53.7,67.7,78.9,43.3,77,33,64.7,41.8,81.3,74.1,39.9
75.3,48.9,27.3,68.9,76.5,67.4,83.2,76.9,16.3,54.9,77
82,59.1,89.6,85.5,88.5,78.3,70.5,81.1,31.3,68.6,75.6
83.3,53.4,58.4,89.3,74.7,73.4,84.4,91.7,40.9,37.9,86.1
81.3,62.7,80,78.9,81.9,80.2,76.4,91.7,25.5,67,97.2
67.8,54.8,70.6,58.2,83,55,69.7,71.2,33.1,69.6,57.4
63.5,47.6,71.4,48.6,82.7,36,76,72.6,45.2,24.6,77.7
86.4,71.3,78.7,95.5,75.2,92,83.9,77.5,39.2,75.3,99.1
57.7,57.7,74.2,63.1,74.5,29.7,57.2,51.7,95.7,34.1,41.4
77.1,34.2,93.1,80.9,69.7,85.8,73.2,73.4,34.8,1,75.7
84.5,69.5,91.3,89.2,87.3,84.5,74.5,83.5,32,87.2,86.1
84.3,62.7,81.3,85.5,81.1,86.3,75.7,97,34.8,57.5,98.2
66.9,48.9,35.3,58,84.2,37.6,75.5,75.2,39.7,33.6,76.9
69.2,47.6,24.1,55.1,77.6,60.8,83.4,64.6,16.1,52.8,74.3
66.9,51.9,26.8,52.2,83.1,68.9,67.3,65.6,21.9,56,78.5
79.4,54.3,31.7,80.4,67.2,92.3,79.7,78.7,28.1,54.4,82.1
89.8,72.9,87.6,92.9,88.8,76.6,89.7,94.2,55.7,68,94.3
87.7,69.3,82.6,95.9,82.9,79.3,82,94.4,39.9,72.1,95.4
85.4,73.6,85.5,91.4,81,81.9,78.2,93,41.7,81.1,96.2
84.3,72.4,72.2,91.3,81.5,68,80.5,94.2,50.5,70.2,96.9
82.9,55.9,49.3,81.1,86.3,79.2,86.1,74.8,34.3,57.1,77
84.7,65,57.7,86.3,78.3,89.6,77.9,94.8,36.2,64.9,95.5
80.1,61.6,36.1,70.5,88.6,92,76.9,70.6,50.4,52.7,82
50.3,55.5,68.7,31.9,42.7,47.2,70.6,74.6,38.1,43.4,88.1
84.7,74.5,88.9,87.6,79.1,72.9,86.6,95.4,69.3,62.7,91.9
78.5,50.5,34.5,70.3,77.7,88,81.1,75.5,13.7,65.3,70.9
74.1,41.2,60,87.2,65.4,78.3,58.2,86.9,27.9,18.5,84.5
55.6,65.4,62.4,50.7,72.6,19.7,56.4,83.1,37.4,68.7,90
88.2,76.3,87.3,93.9,82.2,81,84.9,96.4,73.2,70.6,82.7
81,69.7,63.8,87.3,70.8,75.4,79.5,92.2,38.9,76.3,93.3
83.6,65,73.4,86.2,88.4,80.8,77.7,80.1,40,70.9,82.3
79,63.8,80.8,82.4,90.7,68.4,72.5,69,42.1,70,77.8
80.8,58.4,93.3,93.3,73.8,79.7,75.7,72.8,40,68.5,63.7
79.2,44.8,38.4,76.5,78.7,70.9,85.4,77.9,22,36.1,81.1
75.3,53.9,30.5,67.2,75.2,91.3,72,76.7,15.2,65.5,80.4
72.7,40.1,34.3,72.1,62.3,84.7,73.6,74,14.6,34.8,74.3
82,72.9,91.2,87.2,77.2,83.6,70.2,96.8,53.5,73.6,91.1
79.9,52.8,36.9,73.3,83.9,78.4,83.6,75.5,19.6,58.3,81.5
67.8,50.5,23.4,52.9,68.9,62.5,87.2,65,25.6,53.7,72.8
69.7,50,32.2,62,79.3,73.7,70.3,62,27.7,52.2,70
76.9,53.7,30.9,69.9,71.9,75.5,87.8,75,27.7,53.7,80.4
90.5,71.3,98,93.2,89.3,77.4,90.1,97.4,53,71.9,87.4
44.5,47.3,68.7,52.3,50,26.6,50,33.6,43.7,64.6,26.2
67.2,47.1,25.4,51.1,71.6,62.1,85.5,64.4,14.5,53.9,73.3
75.3,56.4,31.3,71.2,65.5,79.4,85.9,72.2,77.2,26.8,67.8
69.9,47.1,28.6,62.1,72.2,76.3,68.9,76.9,13,48.4,82.4
63.9,44.2,22.4,48.7,70.3,61.4,77.2,64,4.8,53.4,75.7
75.7,58,90.2,84.8,96.4,43.4,64.1,80.7,25.6,62.4,87
75.9,59.1,29.1,74.1,65.3,85.7,80.2,76.3,35.3,60.6,81.5
77.3,68.8,87,65.2,75.5,79.4,79.2,97,43,65.6,98.2
75.5,53.9,37.7,73.6,67.5,73.7,83.2,75.3,24.5,56.2,81.9
55.4,47.3,83.7,54.1,77.4,42,54.8,40,40,67.1,28
84.3,66.1,67,81.6,83.1,81.3,83.9,91.8,28.9,73.4,96.1
74.1,64.5,75.1,76.7,77.8,74.2,60.2,88.7,31.3,68.7,94
78.7,51.6,34.1,69.4,86.7,72.1,86.2,74.6,15.1,58,82.1
72.9,65.4,88.6,77,86.7,67.9,54.2,79.3,48.8,67.5,78.2
73.6,46.9,77.2,78.3,71.4,73.2,70.3,74.2,31,48.9,59.9
69,70.4,81.9,63.4,58.9,59.9,82.3,83.5,55,71.7,82.5
49.8,41.7,20.6,35.6,60.1,34,67,52.1,9.5,52.9,62.4
82,62.9,69.6,73.6,89.1,72.4,83.4,92.2,43.1,59.7,87.1
54.2,57.1,78.4,40.3,84.5,42.3,54,47.3,31.6,73.9,61.6
70.2,48.7,26.9,57.5,79.1,56.3,87.4,64.8,11.3,59.4,75.4
85,75.4,90.3,91.2,82.1,82.2,75,93.6,65.7,70.5,88.1
79.4,69.7,31,81.5,75.8,76,81.4,75.2,55.2,69.2,82.7
77.8,77.4,93.5,68.3,87.4,67.3,77.1,93.8,66.4,73,91.2
51.2,43.9,83.8,42.4,74.1,58.3,47.4,30.6,39,61.9,24
60.4,35.6,28,46.7,60,61.5,72.8,68.8,11,25.4,75.7
79.9,68.1,69.7,75.6,77.8,84.8,76.9,88.5,48.8,61.5,95.7
75,49.8,31.5,68.6,70.5,72.5,86.5,73.4,13.8,56.9,79.2
71.1,70.6,87.8,64.2,89.8,59,72,63.4,74.7,63.7,71.8
44.3,33.8,77.3,44,40.7,25.8,56.8,57.3,41,1,66.3
88.4,82.4,89.7,97.5,83.8,74.1,85.6,94.6,58.3,88.9,97.5
79.2,70.8,89.7,71.1,71.5,73.7,91.8,88.5,57.9,66.1,88.2
65.5,76.7,87.3,62.6,90.8,55,55.3,57.9,66.7,91.8,64.5
69.2,46.7,22.9,55.1,74.5,65.6,82.4,65.6,8.7,54.8,77.7
86.1,75.8,94.6,95.7,87.4,70,75.6,99.4,49.7,78.4,98.1
62.8,49.4,42.4,71.6,64.5,40.8,67.1,57.7,27.9,61.4,56.2
69,51.9,23.5,62.5,67.9,71.3,71.8,75,17,57.7,81.5
63.9,57.7,79.2,61.8,82.4,42.1,61.8,70.6,52.5,44.5,77.6
80.1,77.2,90.7,93.1,71.7,84.7,63.4,90.1,76.7,68.3,85
73.6,68.4,78.8,62.3,94.9,65,74.3,63.4,47.2,88.3,62.7
68.3,68.1,67.9,65.6,65.2,72.8,59.7,92.4,55.6,56.5,94.5
65.1,43.5,27.4,53.9,67.6,56.4,80.8,64.2,13.8,46.4,71.7
82.2,79.9,87.9,91.4,80.8,80.5,66,93,66.8,76.5,95.5
88,67.5,77.9,93.9,88.2,83.9,75.1,97,48.2,66.6,87.5
83.3,59.3,86.9,95,85.6,68.2,68.9,95.6,51.8,37.6,92.9
41.9,29.9,16.3,14.6,56.2,32.8,61,57.1,4.1,23.8,66.7
83.6,67.5,86.2,96.5,80.8,74.4,70.3,94.8,47.7,61.8,93.8
81.5,61.6,77.4,83.8,73.2,84.1,75.2,95.6,37.8,54.6,94.6
38.5,45.8,21.5,20.9,58.2,15.8,54.4,47.9,23.6,52.6,60.6
74.3,44.4,29.9,59.4,80.4,82.1,79.1,75.3,5.2,52,77.7
74.6,36.5,39.6,81.8,67.5,85.1,71.5,58.7,30.5,25.5,56.2
81.3,70.2,93.1,97.1,73.4,76.4,66.3,93.2,44.6,70.2,96.3
73.6,54.8,77.1,70.8,89.7,57,74.6,66.2,40.2,56.6,67.3
61.6,40.3,27.3,73,37.2,82.5,62.5,51.7,36,22.6,66.9
72.9,44.6,46.8,78.3,66.3,69.3,76.3,68.4,31,49.6,51.2
69.2,64.5,46.6,55.5,86.4,55.3,76.2,69.2,48.2,64.9,80.2
81.7,67.5,89.1,81.4,98.7,73.5,70,79.5,50.3,69.4,81.4
80.6,68.4,75.2,81.7,89.3,77.9,67.1,88.1,41.8,67.5,96.4
79.4,48.7,33.6,72.2,76.3,81.6,88.8,74.6,22.3,47.4,78.6
57.9,32,22.4,57.1,44.4,80.2,55.2,63,13,28.3,57.2
68.1,40.1,68.2,65.9,83.6,66.4,55.9,72,28.5,25.6,70.3
69.5,64.7,82.3,69.7,71.8,71.6,57.8,84.1,35,64.3,96.5
67.6,47.1,84,61.5,83.9,62.2,64.5,62.6,37.8,35.5,70.7
44.9,54.6,60.3,41.6,41.2,34,50.9,70.6,17.9,73.8,69.2
85.9,70.2,90.2,98.8,81.6,82.1,72.7,90.1,55.6,65,90
70.2,61.6,87.3,72,78.4,58.8,65.2,75.2,40.4,67.2,75.7
65.3,48.7,27.7,50.7,77,61.8,73.5,64.6,15.9,53.9,77
75.9,54.3,31.4,70,67.4,78,88.5,73.4,32.4,53.9,76.7
47.5,39.2,38.6,43.4,70.1,41.4,49.3,24.9,17.1,61.9,33
82.4,58.4,80.8,80.3,79.2,85.1,77.8,93.8,40,47.5,90.6
74.6,62.5,69.1,78.8,86.9,44.7,73.7,79.1,53.7,61.3,70.4
62.1,60,83.3,64.1,81.7,56.4,48.9,56.3,61.7,64.6,48.5
54.7,42.8,17.2,33.4,64.9,54,67,61,4.1,51.8,74
80.6,70.8,96.2,80.5,87.8,79.6,65.4,93.8,58.8,70.5,81.4
79.2,72.2,91.5,76.4,89.6,70.3,73.7,84.3,49.4,73.4,92.7
64.4,63.8,82.9,92.8,55.5,23.4,57.2,87.1,46.9,61.1,84.1
77.1,47.6,31.2,75.8,75.1,72.8,82.3,73.6,20.5,47.2,76.7
81.3,62.7,92.7,77.2,95.2,85.1,64.9,88.3,36.3,61.5,91.8
82.4,49.8,76.4,84.4,77.6,89.7,69.6,97.4,31.6,34.1,89
74.3,69.3,58.4,69.3,85.9,42.5,80.1,91.5,46,71.3,90.1
63.5,45.3,28.9,52.4,72.7,58.5,70.4,63.8,15.5,49.1,73
64.4,40.1,47.8,61.7,81.7,66.6,53.4,56.9,39.2,37.8,42.4
74.6,57.5,40,86.3,65.3,77.4,65.2,77.1,43.5,54.5,74.3
79.4,55,78.9,73,82.2,81.2,76.6,87.9,18.5,61,86.1
54.7,60.9,61.5,52.7,79,31.4,50.7,55.5,43.5,67.7,69.1
87.3,70.4,98.4,95.9,92.8,84.4,66.9,95,61.3,61.6,88.4
60,50,30.6,71.5,67,58.8,49,46.3,16.1,69.4,61.2
60.2,42.8,21.5,52,64.4,53.7,69.3,63.2,13.7,44.3,72.4
76.9,50,57,74.1,83.9,76.3,75.2,69.6,16.9,57.7,76.2
78,50.7,37.9,69.5,84.1,68,87.8,74.4,15.2,56.6,81.7
62.1,36.3,28.2,60.2,56.2,89.4,50.1,67.4,20.9,30.4,59.8
49.8,9.1,56.9,73.3,33.7,66.6,22.7,65,5.2,1,23.6
60.7,62.3,77.3,44.2,52,72.2,77.7,65,41.7,67.8,75.7
80.8,73.8,82.4,95.5,79.1,68.9,65.9,93.2,49.6,74.3,97.4
78.5,55.7,81.9,73.5,86.2,79.9,68.7,89.5,31.8,53.2,83.7
79.6,45.8,35,85,79.1,77.7,70.2,87.7,21.5,37.1,82.7
85,73.8,52.4,79.5,90,91.2,75.4,94.2,57.9,69,94.4
80.3,67.2,69.7,91.6,68.8,69.9,76,93.4,44.9,63.7,94.4
78.5,54.3,76.5,81.8,77.5,78.1,69.6,86.9,37.7,40.4,88.2
69,60.4,67.6,56,59,73.9,79.9,87.7,20.8,68.3,93.1
72.2,55.5,67.7,82.6,60.1,78.3,62.3,82.1,30.1,53,85.5
74.8,44.8,77.9,91.5,86.1,58,60.3,63.6,49.1,18.5,72.6
58.6,51,77.6,60.3,81.5,62.1,38.8,49.7,37.9,67.3,42.2
79.2,62.5,91,91,77.4,82.5,58.2,92,43.1,64.2,79
39.4,39.7,13.7,14.4,62,31.3,50.5,49.1,4.1,54.6,59.6
38.2,43.3,73.9,47,44.4,25.3,40.5,28.8,38.9,73.5,7
56.7,29.5,21.4,43.5,55.2,57.2,68.1,69.2,9.1,19.6,64.9
82.7,65.9,89.6,85.8,91.3,66.6,77.5,86.7,43.9,66,87.4
60.9,42.1,27.1,66.6,48.4,73.4,58.6,63.6,17.7,46.9,61.3
73.4,49.4,95.2,77.2,83.1,65.8,70.7,57.9,35.3,56.6,53.8
57.9,44.2,77,75.3,62.3,33.1,58.9,44.3,40.8,38.1,53.5
77.6,65.2,92.4,95.1,73.1,66,65,84.3,54.9,58.4,82.8
66.9,35.1,84.3,87.2,58.1,61.5,46.9,86.9,49.5,24.5,30.6
52.4,36.3,21.1,35.6,50.1,62.9,59.5,72,21.3,23.3,68.8
80.6,79.9,89,91.8,75.8,80,68.1,86.1,93.7,57.1,89.4
62.5,52.1,23.9,60.7,35.1,66.9,81.8,74,37.9,49.7,69.6
69.7,41.9,25.9,72.2,62.4,74.2,72.3,63.4,40.6,23,66.1
78.7,54.1,83.2,84.5,68.3,73.8,74.2,97.4,39.9,38,88.4
54.4,35.6,66,46.5,69.9,43.1,61,47.7,33.3,28.3,46.2
84,66.3,96.9,97.6,73.9,73.9,79.9,87.7,77.9,55.7,62.9
84.5,60.2,96.8,95.7,78.4,77.1,78.5,87.9,69.7,31.1,84.1
82.4,65,91.5,76.5,84.8,80.8,79.2,93,52.4,62.2,79.6
76.9,54.6,62.2,89.8,58.5,59.9,81.3,91.5,48.8,34,85.1
57,60.2,76.7,46.9,48.5,56.3,77.3,57.9,38.9,70.6,68.1
80.3,72.2,85.4,80.4,70.9,74.2,83.3,95.6,53,74,87.8
54.7,63.4,86.5,53.1,83.2,27.5,57.9,36.8,49.2,83.6,49.9
64.6,44.8,27.2,53.2,72.8,56,75,63.6,15.9,47.8,72.3
66,39.9,21.8,53.6,62.3,80.2,70.3,76.1,8.7,39.6,74.9
52.4,40.1,20.9,32.9,63.1,50.5,64.9,59.2,4.8,48.7,67.5
71.8,51,34.7,59.7,79.5,86.8,65.8,73.4,24.4,54.5,74.2
62.3,31.3,22.4,55.9,65.4,52.4,72.9,64.6,13.9,14,72.1
39.4,33.5,26.9,28.3,55.6,51.7,40,24.5,10.5,52.4,33.9
61.4,48,28.9,59.4,65.8,44.9,68.3,67,30.7,47.8,66.4
57.4,31.7,49.6,86.4,24.9,66.4,55.2,48.9,52.5,18.5,23.7
80.8,65.2,89.9,84.6,87,68.3,70.5,92.2,40,67.3,88.4
67.2,42.1,26.8,65.7,55.8,83.4,64.5,75.9,14.1,41.9,73
41.9,36.3,15.9,18.7,56.8,28.4,57.9,59.2,4.1,40,67.2
67.4,48,72,69.5,63.4,72.9,64.9,70.2,49.7,37.1,57.4
73.2,40.3,31.1,73,79.2,77,64.1,72.8,21.8,31.3,71.4
77.8,72.7,51,79.1,74.1,70.2,83.4,75.3,61.5,72.5,82.2
82,52.5,72.7,79,82.6,79,80.7,88.7,46.4,30.9,84.4
39.9,47.1,72.3,39.3,57.5,25.5,38.4,38,28.1,67.3,40.4
85.4,72,97.9,89.9,93.7,83.8,65.4,95.2,38.8,83.6,91.4
83.8,64.5,92.6,86.6,91.8,83.2,66.5,93,51.5,64.2,77.3
68.1,41.2,25.1,58.3,69.8,74.5,69.5,75.3,8.7,44.2,73.2
67.8,47.8,30.5,55.7,72.2,80.5,65.2,76.9,5.2,56.9,82.6
60,44.6,20.9,48.4,64,57.4,69.7,63,13.6,50.1,71.9
59.5,29.3,17.7,45.9,65.3,51.2,73.2,63.8,4.8,17,72.4
55.6,29,23.1,38,66.9,45.4,69.1,62.4,4.8,20.2,68
81.7,65.2,85.6,94.1,80.1,72.6,65.4,98,47.6,67.7,79
61.6,66.5,86.8,67.8,45.1,79.2,64.4,52.1,57.2,67.8,72.5
71.5,54.6,41.2,64.6,68.2,73.9,79,72.2,19.7,74.7,65.2
54.2,40.6,22,28.5,65,53.4,73,60.6,4.8,46.9,71.3
85.9,65.9,90.7,89,93.9,72.6,76.7,93.2,45.6,70.6,80
73.6,50.5,30,71.5,68.3,84.2,71.3,78.7,19.7,50.5,82.9
61.8,36.5,22.9,48,62.8,74.7,65.2,68.4,13,28.1,72
82.2,67.7,84.2,97,74.7,69.5,75.5,88.7,45.7,63.1,95
64.1,34,75.9,71.6,56.1,62.5,58.6,78.5,19.1,32.1,51.3
82.4,58.2,83.9,84.2,86.5,81,69.5,93,32,65.7,75.5
76.2,44.8,30.1,75.8,67.2,84.5,78,75.7,22.7,42.3,71.9
52.4,49.4,59.8,57.1,40.2,53.7,54,64.6,38.7,32.2,81.2
67.8,65.4,64.1,63.3,76.8,44.9,71.9,84.9,52.8,70,70.9
81.7,70.8,85.9,91.5,71,77,76.7,92.8,55.6,71.2,84.7
79,57.3,89.2,89.9,67.5,82.5,67.9,87.1,60.7,31.2,84.9
76.4,49.8,32.2,72.1,78.7,70.3,82,74.4,14.1,56,81
64.4,48.5,56.4,74.6,50.1,72.6,61.2,63.6,51.7,29.6,67.3
75,52.3,32.3,67.5,79.4,66.7,83.3,73.4,14.8,62,80.5
68.3,41.5,27.2,65.2,54.3,74.2,77.1,75,10.9,45.3,70.3
72.5,36.3,40,76.6,72.3,76,63.8,75.5,27.3,13.7,74.8
69,32.6,71.2,84.4,59,61.4,67.6,65.4,16.6,20.7,65.6
77.3,74.9,90.1,84.5,79.2,65.8,64.5,98.2,41.6,84.6,97
82,58.2,85,86.4,81.5,83.8,67.1,94.8,36.3,57.7,81.8
70.2,62.5,68.9,63.9,77.3,46.4,78.7,84.7,42.7,64.6,79.3
69,49.4,29.2,66.9,68.4,70.9,68.1,73.2,21,54.1,73
66.9,27.7,86.8,74.4,83.1,55.3,57.5,54.7,32,9.7,45.5
38.5,49.1,54,29.6,68,13.3,28.9,65.4,32.7,55.5,57.5
47.5,23.2,35.8,50.9,52.4,47,45.6,41.8,50,9.7,9.6
69.7,53.9,27.5,62.5,71.9,80.6,65.3,75.7,20.9,60.5,80.4
69.7,43.5,29.3,61.8,65.2,68.3,80.9,74.4,4,47.7,81.4
55.8,43,24.9,44.3,66.6,53.4,57.7,65.2,4.8,51,74.3
65.5,63.8,78.2,72.8,48,65.7,74.7,63.8,49.6,68.1,71.7
58.1,16.4,24.6,58.9,24.4,80.8,78.2,50.3,23.1,1,27.8
70.4,56.8,89.1,64.7,52.3,75.4,84,82.9,54.6,35.8,83.9
71.1,44.4,25.9,72.8,61.5,84.7,67.4,74.2,22.7,40.3,72.6
59.8,52.5,30.8,49.2,79.6,34.9,69.7,60.4,26.1,63.8,66.3
65.8,41.7,28,54,77.8,60.9,73.9,58.8,12.4,42.8,71.2
58.1,36.7,20.6,37.4,65.2,59.5,72.2,63.8,4.8,36.1,73.1
77.3,54.6,69.4,95.3,64.4,81.8,60.1,90.7,40.6,48.1,76.1
62.5,53.9,74.2,56.1,80.8,25.9,67.9,81.7,33.1,45.1,86.4
70.9,49.4,27.4,70.3,64.7,69.3,75.2,74.6,15.1,53.4,80.4
57.4,44.4,91.4,51.1,82.9,44.1,42.1,77.9,37.4,34.9,62.9
65.1,41.7,20.8,53.9,65.8,57.9,81.9,61,16.1,42.1,68.5
80.8,62.5,88,90.9,75.7,69.6,74.9,89.7,56.4,50.9,80.5
59.5,54.8,39.3,57.6,43.7,53.3,77.1,68,19.7,66.4,76.6
70.6,44.2,29.1,61.8,69.4,77.3,75.4,73.4,13,50.6,69.4
65.8,35.4,26.6,57.9,78.3,66.3,63.7,65.2,13.4,21.3,77.9
55.1,21.6,19,70.9,51.6,41.4,63.6,27.2,22.7,13.4,30
79.4,63.4,68,90,72.5,71.3,70.7,92.4,23,71.4,96
68.8,48.9,28.8,68.8,58.7,80,68.4,72.8,14.2,60.3,71.4
75.5,58.9,40.9,78.5,77.6,71.6,68.8,80.1,28.4,58.6,90.4
69.5,55.5,68.1,90.8,62.7,57,51.1,88.1,58.2,32.2,79.9
63.2,39.9,23,59.4,66.9,63.8,63.3,64,10.4,39.1,72.8
69.9,48.7,80.9,64,64.9,78.6,69.8,79.5,35.7,50.9,57.5
54.9,30.2,22.6,36.5,61.4,43.8,74.4,62,4.8,21.5,69.3
66,42.4,68.4,73.4,75.3,47.8,56.9,76.5,43.1,18.9,70.2
69.5,44.2,26.2,64.5,67.5,80.5,67.9,72,16.1,49.4,67.6
34.8,31.1,36.6,43.4,43.8,11.6,35.4,38,42,9.7,45.5
74.3,66.8,83.5,82.6,70.3,70.6,61.1,95.6,55.1,53.3,93.5
68.8,66.1,87.6,64.6,67.6,49.2,77.7,88.1,48.8,66.3,82.1
56.1,48.7,70.7,65.6,65,33,60.6,39.6,78.5,26.7,41.1
49.8,47.6,87.8,48.9,70.1,37.3,45.5,44.1,30.4,58.3,50.5
62.8,36.7,42.6,73.9,75.8,30.1,63.3,54.3,35.4,25.5,51.6
63,35.6,26.1,62.1,46.7,82.6,62.2,71.2,10.9,29.1,71.8
36.6,29.9,66.7,58.4,31.9,14.8,35.9,37.4,50.7,18.5,20
71.1,71.1,69,76.2,64.5,53.3,76.4,83.3,54.9,73.8,82.7
40.6,29.5,28.3,51,41.6,34.6,35.5,41.8,61.5,9.7,18
80.3,56.8,90.1,92.9,74.1,72.8,69.6,92,48.5,49.4,72.7
67.2,44.2,26.9,53.6,72.7,78.1,66.8,74.6,8.7,45.8,80.5
68.8,51.6,26.2,57,72.5,73.7,71.2,76.9,22.5,52.3,81.4
63.7,46,23.7,52.4,63.5,73.9,64.7,73,8.7,55.8,73.8
43.8,34.9,19.7,37.3,41.6,43.8,55.4,43.1,4,39.2,62.9
45.2,26.5,28.2,30.2,48.8,33.1,71.4,40,10.1,31.9,37.8
70.4,52.8,81.4,79.4,59.4,69.9,66,80.9,38.4,56.9,60.8
73.9,48.2,30.7,72.9,68.9,74.4,77.9,74.2,14.8,51.6,80.1
45.6,50.3,78.4,38,79.1,19.7,39.6,51.1,42.1,38.8,72.6
57.4,25.2,31.2,54.5,77.7,47.5,50.8,55.3,7.6,24.7,45.5
79.2,72.9,73.1,81.4,77.6,84.5,63.3,97.6,57.6,65.4,97.3
81,64.5,88.5,87.6,76.7,69.2,77.1,94.6,43.1,61.2,90
68.3,50.5,29.7,66.5,70.6,59.3,69.2,75,22.9,52.3,77.5
78,64.5,83.4,85.5,78.3,87.4,57.9,86.1,47.2,66.8,77.6
72,58.2,83.2,82.2,74.2,77.3,48.1,85.1,29.2,59,87.6
68.5,49.1,62.5,74.6,81.3,43.4,71.2,58.1,45.5,29.4,76.8
39.9,25.2,80.6,57,50.1,13.9,36.8,31.6,38.9,18.5,17.4
81.7,64.5,93.3,94.2,86.3,83.1,56,91.8,37,67.1,89
58.6,32.4,73.8,69.7,39.2,64.7,63.2,54.7,29.9,12,60.6
64.1,59.1,77.6,67.9,62.7,61.2,53.5,85.5,47,58.7,70
66,55.2,84.1,85.3,51.5,68.9,49.8,79.9,43.4,42.1,83.3
35.5,59.1,79.2,37.9,59.6,12.1,27.6,44.9,48.1,74.6,48.2
58.6,40.6,25.3,39.7,60.4,79.4,58.3,73,1.9,46.3,75.3
50.5,34.9,23.4,25.3,64.3,50.4,63.9,62.2,4.8,35.7,67.3
51.4,32.9,84,65.4,60.8,44.3,37.5,45.1,50.9,18.5,30.3
34.3,33.1,16.2,17,61.7,15.9,37.2,51.1,4.1,32.9,65.4
72,45.3,61.8,83.5,68,73.5,56.3,84.3,27.4,23.7,92.3
63.5,46,87.5,72.5,74.1,52.1,55.1,55.7,49.7,30.2,59.9
59.3,50.7,26.1,38.1,77,57.6,72.7,50.1,35.2,59.7,54.3
54.9,32.2,71.6,57.3,70.5,45.6,51.7,40.4,32.3,28.3,36.2
56.3,26.3,27,53.1,42,71.9,60.9,63.4,8.7,10.1,67
77.3,61.6,74.5,93.4,65.2,70.6,66.4,94.8,41.7,57.3,86.6
51.9,46.7,72.7,53,64.4,51.1,42.3,49.9,32.5,60.3,42.3
39.9,41.2,61.7,13.5,59.2,47,40.8,62.6,22,54.4,44.9
65.8,43.7,22.8,54.7,67.6,70.8,67.1,76.3,5.2,52,75.4
32.7,32.2,59.8,43.9,43.9,13.4,25.3,37.8,42.1,18.5,37.6
69.7,65,91.5,84.5,71.9,50.9,60.8,73.6,41,80.5,68.1
76.6,53.9,37.5,73.3,80.5,75.5,76.8,74.8,38.2,45.5,80.9
45.9,39.4,20.2,25.3,54.5,42.7,60.3,57.5,4.8,50.2,63.8
69.7,67.2,66.4,67.8,86.9,57,64.5,68.4,58.2,68,73
49.8,48.5,28.3,40.5,73.6,39.5,51.4,37,24.1,53.5,67.8
71.5,63.8,90,81,76,66.1,58.7,73,63.7,51.9,75.8
59.3,34.2,27.6,47,75.2,51.2,72.1,43.3,13.8,47.4,38.3
42.4,39.4,66.4,52.6,43.4,27.6,33.4,66.8,16.7,36,68.1
73.4,51.2,30.4,70.5,60.2,78.7,84.2,71,12,63.2,78.7
85.2,65.2,91.2,93.3,88.4,72.4,75.9,92.8,42.6,60.5,94.2
65.5,58.4,73.8,75.3,68.3,58.3,52.7,75.9,46.9,57.8,69.9
69,57.5,87.5,82.6,57,80,48.3,90.9,35.1,52.5,87.1
59.3,43.9,88.1,57,57.8,45.6,74.1,56.7,42,34.3,56.8
42.4,48.5,74.8,49,53.9,25.9,36.4,48.9,23.1,67,50.7
49.6,26.3,51.6,49.7,32.6,56,62.5,50.7,14.1,15.7,53.2
54.7,58,54.8,48.9,74.7,47.3,41.9,70,27.1,68.5,77
62.1,46.2,23.9,49,68.2,67.4,61.5,76.3,5.2,53.3,81.3
57.9,32,23.1,48.9,65.2,59.8,56.9,65,9.1,18.2,74.8
43.8,27.4,19.4,42.7,30.5,57.6,50.4,48.1,13,13.9,60.3
39.9,25.4,35.5,59,35.8,31.7,35.4,31.8,50.2,18.5,5.2
65.5,52.5,57.3,84.8,41.2,67.3,71.1,53.5,91.6,18.5,50.1
47,54.6,86.6,49.5,61.5,29.8,49.9,36.4,44.6,81.7,28
70.9,54.1,64.6,70.6,87.6,69,54.7,74.8,19.7,72.1,66.9
76.4,49.8,36,73,78.7,75.4,77,73.6,15.9,54.3,80.9
49.8,54.8,75.1,57.2,80.1,14.9,32.6,63.8,59.9,39.1,67
59.5,46.2,63.5,53.2,86.1,42.4,60.2,46.1,39.2,58.9,35
78.5,59.3,86.1,95.5,60.9,73.2,69.7,94.4,62.8,33.3,85.9
67.8,50.7,29.5,59.7,69.3,75.7,67.1,73.8,16.6,58.5,78
57.2,46.9,39.1,63.2,68.6,36,55.5,56.5,42.9,48.3,47.6
35,28.1,45.1,34.9,44.1,23.9,40,31.6,9.5,39.2,34
66,57.1,59.3,76.1,77.7,57,56.6,51.7,55.3,63.9,46.8
55.4,51.2,89.2,63.9,77.8,39.6,45,35.8,56.1,58.7,33
73.2,46,30.4,71.5,68.7,72.1,78.5,74,10.4,56.1,71.6
62.5,43,29.7,62.5,43.1,67.1,75.4,67.8,18,49.8,60.9
59.1,36.7,28.1,45.1,55.7,77.9,61.5,67.8,10.3,32.9,71.1
85.7,63.4,90.3,97.6,91.7,73.4,67.5,95.4,56,44.5,93.1
77.1,68.8,84.1,87.2,79.6,69.8,58.8,91.8,57.7,58.3,91.3
81,57.1,80.6,88.6,77.4,68.9,76.6,94.2,25.8,53.9,93.5
66.5,58.6,68.6,86.9,47.6,72.6,48.6,86.5,45.2,63.9,63.6
66.2,52.8,23.9,65.7,67.3,66.1,61.6,75.2,24,56.4,78.4
62.3,39,26.5,66.5,45.9,74.7,64.2,63.8,16.8,38.5,63.9
48.6,39.9,21.3,43.9,30.2,55.7,64.2,57.9,11.9,42.2,67.3
43.1,36,48.2,37,62.5,33.7,42.3,40.8,15.8,39,53.9
53,26.8,25,52.6,39.8,65.3,54.3,63.4,3.7,16.8,64.3
46.3,31.5,19.7,50.1,23.8,45.9,65.5,47.9,9.2,30.8,57.2
51,13,82.2,56,41.3,64,57,31.6,26.1,1,13
54.2,15.5,21.2,41.9,55,76.7,53.1,58.8,8.7,10.7,29.6
70.6,59.1,85.8,71.4,67.4,87,57,79.1,28.7,62.7,86.1
71.3,50.7,28.2,61.1,69.9,82.8,73.2,76.3,12.2,60.7,80
63.2,31.1,71.4,83.4,52.8,58.3,52.1,67.8,43.1,16.8,33.7
52.4,45.5,24.7,40,63.7,42.4,60.5,58.8,20.1,57.5,56.9
51.7,32.2,57,70,63.6,30.4,42.1,39,51.3,9.7,38.8
50,39.2,29.6,31.4,55.6,42.8,69.8,53.7,15.2,43.8,59.2
48.4,32,21.2,62,43,46.2,39.9,56.1,8.8,23.7,68.2
37.5,31.3,60.7,58.7,44.5,17.5,28,31.4,52.5,18.5,22.5
53.5,24.3,19.3,58.4,42.4,73.9,49.7,48.3,11,6.4,61.2
74.3,67,68.8,87.7,66.5,77.7,56.9,88.9,41.5,71.7,87
71.1,62.5,89.2,83.2,67.1,79.2,47.4,89.7,46.4,53.9,88.1
72,42.1,31.1,67.8,69.3,69.5,79.2,74,4,45.6,79
63,44.4,28,61,59.7,78.1,55.3,70.4,6.3,51.5,76.9
62.8,43.3,27.7,45.3,70.1,63.2,75.9,63.4,13.1,45.9,72.6
63.7,36.5,26,71,43.7,94.5,56.4,60.8,14.9,30.6,68
54.7,34.2,22.5,57.3,48,46,61,63.8,17,36,49.9
38.5,35.6,80.5,55.2,35.8,31,34.2,32.2,38.5,45.3,17.6
52.4,25.6,25.5,49,69.4,58.2,46,35.2,14.7,20.9,43.3
39.9,32.9,13.8,31.5,48,30.8,50.4,42.9,6.3,43.4,48.2
63.7,65.9,66.6,63.3,69,55.6,57,79.9,50.6,73.3,70.3
70.6,51.4,88.7,76.1,57.4,64.5,76.5,80.7,41.7,37,78.4
60,48.7,88.8,64.9,46.5,48.8,65.5,79.3,42.8,32.9,73.6
69.5,46.2,46.2,79.7,58.2,71.5,64.8,74,26.9,40.7,73.6
58.8,39.4,86.8,71.4,46.4,57.3,51.5,74.2,48.2,29.3,41.1
66.2,36.3,30.7,59.3,70,67.1,67.3,72.2,9,37.4,64.2
62.5,38.7,29,62.2,48.5,72.4,69.1,62.4,12.1,41.1,64.7
41.5,39.2,21.8,38.6,62.7,23.3,44.6,33.8,26.5,50,37.5
37.3,39,18.7,21.8,54.9,11,52.5,52.1,4.8,44.8,69.3
65.1,56.8,82.7,61.6,56.2,49.1,78.6,86.1,52.8,51.1,66.3
66.9,55.2,67.6,65,90.3,60.5,57.1,55.7,41.7,59.4,62
63.5,56.6,70.9,82.6,36.8,63.2,58.7,81.3,48.4,57.2,62.6
54.7,60.7,74.7,46.2,49.1,61.6,64.5,59,45.5,68.1,65.7
70.2,48.9,30.8,67.3,72.1,69.2,70,74.6,4,61,82.3
69,40.8,28.7,62,65.9,72.6,74.3,73.8,4,46.9,72.7
49.8,50,53.4,40.7,80.9,30.8,47.1,46.3,38.5,52,58.6
68.1,32.2,34.7,64.2,69.4,78.6,63.1,71.6,6.9,18.4,78.4
47,40.1,25.9,34.5,63.1,44.9,60.4,28.8,23.7,47.8,47.2
51,35.6,21.1,47.2,56,34.1,58.6,62,4.8,37.1,67.8
54,27.9,22.2,42.9,63.3,53,58.6,59.6,11.6,10.6,68.3
41.5,31.5,62.6,47.5,48.1,29.9,41.7,38.2,42.2,24.6,27.3
66.7,55.5,73.2,63.8,65.8,76.6,58.9,75.3,26.5,63.1,76.3
67.6,49.1,86.4,65.4,77.7,55.6,59.1,87.9,42.6,32,77
71.1,44.4,73.5,68.9,81.9,76.7,56.1,75.2,6.9,64.9,59.5
73.2,44.4,33,72.5,72.4,71.1,75.5,72.4,15.8,47.3,71.5
60,33.1,74.4,71.2,51.7,73.4,54,47.7,27.3,27.5,45.1
64.1,62.7,78.2,81.8,54.6,50.2,52.9,86.3,43.6,66.7,76.7
59.3,58.2,78.5,49.5,62.2,55.9,67.2,67.8,65.9,37.4,73.1
70.6,50.5,23.9,71.9,65,68.6,73.7,73.2,15.7,55.8,81
69,46.4,29.4,77.2,63.6,69.2,64.6,68.8,13.7,49.3,77.6
70.9,43.3,31.9,60.3,71.2,81.3,73.8,73.4,8.4,47.8,75.7
68.8,41.7,30.9,48.1,74.4,72.8,81.9,72.8,4,45.1,78.5
50.5,42.1,84.1,58.1,66.1,57.3,32.9,36.4,36.5,48,38.4
51.7,34.7,72.1,52.6,62,52.7,36.1,66.2,11.2,49,41.8
49.8,36.7,25.5,39.5,56.9,55.3,47.8,61,6.8,47.3,56.3
51.4,30.6,21.5,49.3,43,68.3,48.1,61.4,5.2,26.1,64.8
52.6,17.5,53.5,68.1,48.8,27.2,51,66.8,39.1,1,12.8
53,22.2,24.6,64.2,35.3,79.9,45.7,46.1,9.1,9,53.7
43.6,24.3,19.5,34.3,76.2,35.9,42.1,24.7,16.1,38,14.6
73.4,50.5,67.6,72.2,64,90.7,61.6,93,20.8,50.9,81.4
65.1,45.5,25.5,65.2,57,80,61.2,69.6,15,50.8,71.5
57,43.7,27.4,62.7,71.7,33.9,50.4,64.6,12,53.1,66.2
65.5,34.5,24.6,53.1,70.9,63.8,69.8,76.1,16.6,13.2,81.4
59.3,31.5,39.1,59.1,40.3,80.6,58.9,71.2,1.5,37,57.9
36.6,38.3,80.8,43.2,54.2,26.6,25.6,33.6,45,43.6,21.6
41.9,24.7,79.5,55.5,41.9,45.6,31.9,33.8,38.1,18.5,17.3
79.6,58.6,76.5,90.6,72.8,74.7,69.5,92.8,38,51.8,88.6
57.7,69,88.1,39.4,69.7,47.8,65.1,77.3,56.8,66.8,82
65.3,48.9,83.5,72,58.5,56.7,61.3,84.9,36.7,40.6,71.9
36.4,48.2,69.1,38.5,56,18.2,29.4,43.5,38.8,51,52.7
48.2,36,58.6,54.4,52,43.4,45.7,46.5,48.5,10,54.1
57.4,25.4,55.1,86.1,27.2,72.1,46.5,58.8,39.8,13,23.7
47,36.3,51.5,42.9,55.5,37.2,45,63.2,37.2,30.2,41.9
49.3,39.4,21.2,27.2,57,53.8,61.2,59.6,4.8,44.8,70.4
42.9,36.7,21.1,31.2,61.3,21.4,49.7,57.3,11.9,39.5,60.2
72.5,54.3,78.3,88.7,75.2,67.6,47.5,90.5,43.5,51.9,67.6
67.8,53.2,60.8,74,88.8,39.2,55.9,77.7,33.3,62.5,61.9
64.8,52.1,76.3,76.9,72.8,46.2,50.7,77.7,29.2,67.5,55.2
61.6,59.3,50.4,58.2,67,66.9,48.6,82.7,36.6,56.5,85.9
62.3,44.2,28.7,58.4,73.2,59,53.4,75.9,6.3,46.7,83.1
52.4,45.1,52.3,32.7,68.5,52.2,48.4,80.7,4.1,52.2,81
66.5,30.8,27.3,66.9,69.2,62.5,62.4,74.8,6.3,21.3,70.6
46.6,28.8,55.4,47.3,55,51.7,38,45.9,42.8,18.5,25.4
42.9,24.1,66.4,50.4,55.7,17.9,44.2,38.4,35.8,19.7,15.7
72,53,48.2,77,67.9,69.3,70.1,73.4,30.8,52,77.7
66.7,42.6,73.6,67.6,57.3,68.6,66.7,81.5,31.5,22,80.7
71.1,38.5,67.8,79.3,77,66.9,64,59.4,47.2,18.5,52.7
70.2,46,29.7,72,61.7,67.1,75,74,9.8,53.2,76.5
48.2,39,69.7,46.7,71,27.9,42.8,51.9,31.4,31.5,55.6
41.7,27.7,60.4,41.2,61.8,30.4,36.5,40.2,15.6,52.9,7.5
44.5,27,20.7,22.2,57.9,45.4,51.3,61.6,4.8,13.1,69.7
36.2,36,18.9,43.8,22.8,23.1,48.9,43.1,11.9,37,60.4
62.5,68.1,75,65.7,77.1,45.3,49.5,80.5,46.1,69.7,88.7
75,46.7,89.8,90.3,70.3,68.6,60,87.3,40.3,29.1,75.5
66.2,46.7,28.6,57.9,79.6,61.4,69.1,60.2,21.7,49.2,69.3
51,47.8,75.3,61.9,64.7,44.3,40.5,33.2,34.8,61.5,42.5
59.3,36.5,26.1,47.4,50.5,73.1,70.3,64.4,4,43.1,63.8
50.5,32.4,68.7,77,30.7,56.4,42.8,42,35.9,18.5,45.1
58.1,34.9,24.3,47.5,71.7,53.3,59.5,63,16.3,23,70.6
46.1,27.4,80.8,67.3,44.9,31.1,40.1,37,53.1,9.7,20.2
44,40.1,22,34.6,60.7,17.5,50.3,64.4,4.8,45.2,72
37.3,36,72.8,37.6,49.9,22.9,38.2,40.4,33.2,41,30.8
43.1,35.8,21.2,31.4,55.4,32.1,44.9,67.6,5.2,36.5,68.8
41.7,36,27.7,45.3,51.1,34.7,48.8,17.9,11.7,60.9,29.3
44.3,22.2,50.8,37.4,66,47.2,34.3,41.6,1.5,32.8,31.7
57.7,55.9,83.5,46.5,50.5,54.6,67.3,83.7,33.1,50.5,86.1
57,55.9,78.1,50.5,53.9,54.8,64.3,68,58.2,50.9,57.3
66.7,48,59.5,70.7,63,75.5,57.6,71.8,21.1,46.5,78.4
51.4,55.9,47,47,69.3,36.9,46.3,63.6,36.5,68.4,59.1
62.5,46.9,22.8,54,64,68,62.5,72.6,18.6,48.5,75
48.9,44.4,86.4,48.3,74.3,34.4,45.8,34.8,45.9,57.3,24.1
67.4,36.3,29.2,66.4,61.3,68,70.2,73.2,19.7,20.8,73.9
53,50.3,24,34.8,67.3,49.1,60.3,64.2,22.5,56.1,72
60.4,41.9,22.2,43.9,61.6,82.2,58.1,72.6,5.2,50.8,70.9
45.9,44.2,75.9,51,51.2,42.7,43.8,40.2,37,53,38.1
60.2,33.5,27.7,63.8,47.7,70.2,58.1,68,26.3,13.8,66.8
50.5,36.3,23.6,48.4,46.1,64.8,44.4,64.6,5.2,43.6,60.8
71.8,47.3,69.7,85.3,71.4,75.3,48.8,83.7,46.9,17.8,84.8
65.5,50.5,34.4,54.8,69.8,72.8,56.9,89.5,36.6,29.7,91.4
57.2,35.1,25.1,41,68.2,84.4,51.3,53.3,10.7,40.4,54.5
77.1,44.4,70.2,94.3,68.8,78.9,55.6,93.6,43.4,20.1,75
71.3,52.3,31.6,68.3,74.5,80.6,65.1,69.8,49.6,33.7,77.7
54.4,57.5,49.2,49.1,79.7,50.5,41.8,53.1,40.7,59.7,71.3
69.7,42.4,30.3,73.1,66.7,68.7,67,72.2,20.7,35.8,74
68.8,41,28.4,64.1,54.1,71.6,83.9,72.2,4,43.5,78.5
42.9,51.2,85.5,59.7,42.9,43.1,31.3,36.4,46,69.8,29.7
50.5,41,69.2,55,43.2,49.2,49.7,63.8,22,35.1,68.8
44.9,38.7,83.1,58.2,78.6,14.9,27.3,33.8,36.2,51.5,23.2
56.1,26.8,21.5,51.8,44.3,72.9,59.8,62.6,8.7,22,53.2
56.5,22.7,23.6,62.5,49.4,64.7,54.7,53.1,6.3,17.3,48.6
58.8,18.4,26.2,62.1,48.5,66.9,56.1,65.8,4,8.5,48
65.3,54.8,82,73.3,58.3,65.3,52.7,88.1,44.5,39.1,84.4
60.7,57.5,86.2,68.3,80.9,35.4,43.2,75,36.8,69.8,62.5
56.3,47.1,79.5,64.5,44.5,64,53.4,58.3,58.7,31.4,52
50,51.2,33.1,38.9,63.3,40.8,65.4,34.4,51.4,50.7,49.3
59.1,44.2,21.3,51.3,53.3,60.9,67.1,70.8,16.6,46.5,70.6
58.8,42.1,24.2,60.2,53,68.2,54,68.4,12.2,42.9,74.2
45.2,34.2,48.6,38.4,41.8,15.2,66.6,70,24.6,22,59.8
49.6,31.1,22.6,42.1,51.7,72.1,42.3,51.1,11.8,28,55.7
41,34.9,22.8,32.6,61.7,39.9,37.1,37.4,8,48,46.7
65.3,62.5,73.4,63.2,70.7,51.9,63.9,81.7,39.9,64.2,83
72.7,46.7,35.9,73,69.3,74.2,72.7,74.4,15.7,49.5,75.8
58.4,33.3,27.5,47.9,51.5,70.6,65.8,67,4,36.3,61.6
50,27.9,20.2,35.1,61.9,37,61.8,59.8,4.8,16.4,68.3
51.2,23.2,29.4,41.6,57.3,47,55.4,63.8,16.8,14.6,40.8
44.9,22.9,17.8,26.9,61.9,17.1,69.4,48.1,4.7,14.9,54
70.6,64.5,77.9,94.8,53.5,61.1,55.4,90.9,45.1,64.9,82.7
64.8,43,94.7,81.9,77.1,49.3,45.8,63.4,40.7,35,53.5
70.4,38.5,82.8,80.2,60.8,70.8,57.7,92.6,36,16,69.6
57.9,47.3,72.2,65.6,87.6,39.4,34.9,58.3,43.3,43.8,54.9
50.3,46.4,82.5,56.8,55.5,40.7,41.7,62.4,53.6,42.4,41.4
52.8,48.9,39.6,52.8,51.1,32.6,64.9,63,28.7,56.6,60.3
63,33.8,28.3,67.4,53.6,68.6,59.9,70.8,6.3,25,75.2
50.5,43.5,21.6,34,65.7,46.3,54,64.8,4.8,54.4,72.6
53,36.9,27,33.7,70.3,65.1,52.2,56.9,9.4,38.9,64.9
76.2,56.4,82.7,83.1,71.5,67.9,70.2,88.1,23.6,61.7,84.8
61.6,69,81.5,66.7,74.9,45.9,48.2,75.9,60.3,66.8,78.8
71.3,53.4,80.5,69.4,80.5,74.5,57.8,79.3,29.6,61.9,67.4
63.2,60.7,57.4,68.4,78.8,30.7,64.4,63.4,41.6,72.6,64.3
57.4,41.9,60.4,61.9,53.6,69.5,49.4,58.5,29.8,53.3,38.3
49.1,46.7,72,51.5,53.6,37.5,48.3,57.9,41.9,32.8,67.8
39.9,37.6,19.1,41,39.1,37.3,38.6,56.5,15.1,35.1,64.8
49.8,26.8,25.6,38.7,47.2,55,58.5,61.4,7.5,15.4,62.9
34.1,27.4,80.8,47.6,50.8,13.6,18.7,39.6,41.9,18.5,21.5
54.7,64.1,66,45.4,88.6,35.3,48.5,54.9,72.1,53.6,65.5
60,54.1,76.3,74,39.6,42.3,65.5,79.7,33.5,50.4,79.7
67.4,40.8,28.9,61.9,68.8,70.8,68.2,70.8,4,44.9,76.1
71.1,35.1,30.7,71.1,64.8,70.5,75.9,73,17.8,20.4,72.3
57.4,31.7,24.6,55.3,55.9,67.7,55.9,60.2,6.3,31.7,59.8
63.9,24.1,29.7,61.8,56.9,67,67.4,71.2,8.9,7.4,62.2
51,35.8,31.1,37,75.2,55,45.7,47.1,14.1,53,36.6
63.7,56.2,79.7,60.5,75.1,54.3,62.1,66.6,32.8,70.7,61.6
69,47.8,78.6,78.4,68.8,78,47.8,77.7,29.6,35,83.1
59.8,58.6,70.3,50.9,78.1,49.9,56.3,67.4,50.7,57.8,66.3
63,51.9,81.2,83.5,44.7,50.4,57.4,81.9,43,54.4,56.3
61.8,53.2,72.1,67.9,77.4,44.6,57.3,53.1,46.7,51.4,60.7
67.6,48.7,62.6,66.2,64.9,76.3,55.6,92,13,47.7,88.4
60.2,51.2,84.6,63.7,63.9,63.1,46.6,74.2,27,61.6,62.1
57.7,50.3,82.7,79.7,65.5,33.1,36.5,72.8,52.5,50.4,44.6
68.5,40.6,69,72.5,66.2,74.7,53.1,89.5,15.1,41.1,66.9
57.7,48.5,72,66.2,56.2,71.5,42.9,57.9,25.9,61.5,54.8
65.3,49.6,27.5,70.3,55.4,71.3,63.8,70.6,4,66.5,77.5
60,42.8,77.5,82.5,45,55.4,47.1,72.6,46.1,24.4,61.9
71.5,39.7,30.1,73,65.9,69.6,73.1,75,14.3,33.9,74.3
61.6,49.1,22.7,50,65.4,68.4,62.5,72.8,21.6,50.7,76.9
67.8,41.5,27.8,71.1,59.9,73.8,67.5,68,4,48.1,73.6
61.8,43.7,44,63,49.9,74.2,58.1,73,13,48.4,70.6
49.6,42.4,87.3,49.5,69.5,35.9,49.5,35.2,31.7,62.8,25.4
57.7,38.7,49.1,54.5,67.3,46.9,61.6,56.9,31,28.2,59
52.8,35.1,82.6,64.1,33.3,66.9,43,71,39.3,33,31.7
66.5,34.2,25.9,62.4,62.6,71.5,67.3,73.8,6.3,33.5,66.4
60.9,38.7,30.4,74.2,45.1,75.1,48.2,69.4,10.8,40.2,67.4
66.9,32.4,24.8,64.6,55.6,77.7,69.6,71.6,16.6,13.4,74.1
58.1,32.9,58.8,59.3,45.2,60.9,58.4,80.7,15.1,35.4,48.8
62.5,34.9,23.1,53,63,76.3,59.8,71.8,8.7,36.5,61.2
58.6,39,21.1,55.9,48.9,74.1,57,67.4,6.3,47.1,64.6
39.6,43.5,75.9,39.5,65.6,28.9,31.2,31.8,38.7,63.6,20.6
51,42.6,22.4,31.6,64,44.3,61,63,4.8,52.6,71.3
67.4,24.3,27.3,66,65.6,77.6,67.4,60.4,15.9,12.5,48.2
52.1,39.7,21.3,38.7,62.7,45.7,57.4,66.2,8.7,44.6,67.3
41.2,37.8,72.6,55.9,64,15.9,29.5,31.8,30.7,61.9,12.7
53.3,35.6,22.6,59.3,63.2,60.5,45,31.2,14.4,55.5,32.5
50.7,38.5,22.3,37.9,64.6,45.1,51.3,65,4.8,41.2,72.1
41.9,43.7,25.5,45.1,40.9,29.4,44,57.9,4,53.6,74.5
57.4,27.2,21.6,65.5,46.5,60.5,53.3,65.4,11.2,7.8,70
50.7,27.7,27.2,47.5,49.4,57.4,57,44.7,20.6,7.1,61.5
45.4,32,20.1,25.5,57.4,39.5,59.3,54.9,4.8,29.1,66
50.7,26.5,23.7,43.2,40.8,72.5,52.4,57.3,9.1,19.3,54.8
38.7,26.3,71.6,66.7,51.4,13.9,20.3,31.8,50.5,9.7,18.9
35.9,27.2,79.6,49.5,22.3,44.3,35.5,32.2,43.7,18.5,18.1
49.8,26.5,20.5,32.4,64.9,48.5,57.6,51.9,4.8,13.5,67.8
30.6,29,58.9,33.7,42.8,29.7,21.5,31.6,7.4,51,24.1
34.3,33.5,23.5,19.1,60,23.9,33.4,45.5,8,44.6,47.3
57.9,66.3,87.1,44.1,61.6,48.6,64.9,83.9,49,68,80.1
65.8,58.6,85,76.8,70.5,73.7,38.5,78.5,46,49.7,82
69,55,79.5,79.4,63.4,82.6,49.5,79.9,47.2,45.3,73.6
58.1,62.5,75.7,53.3,85,46.2,51,52.9,57,61.2,66.8
64.8,47.8,89.1,68.3,75.7,65.3,46.2,73.6,28.5,39.4,78.4
64.1,49.8,82.6,86.1,53.2,58,48.1,78.9,50.4,31.8,70.3
68.1,53.9,43.1,84.8,61.5,62.4,50.9,83.1,37,55.1,68.3
63,54.1,58.6,60.1,67.6,51.9,61.8,79.1,34.5,55.3,72.3
63.9,48.2,80.9,81,63.2,60.1,41.2,81.1,14.8,57.7,72.2
47.5,62,43.1,43,54.7,22.6,47.5,83.7,51.4,63.4,69.3
66.5,45.1,27.4,65.2,62.8,70.3,65.3,73,16.7,45.1,75.7
51.9,48.9,67.4,56.9,66.1,28.1,43.9,68.2,43.5,42.1,61.6
66.2,40.8,27.9,59.4,71.4,64.4,66.9,73.4,4,46.2,73.6
63.5,43.7,26.4,71.4,51.6,69.6,57.8,70,22,40.7,70.5
62.5,44.2,27.8,54.2,58.6,77.4,62.4,69.2,1.5,53.7,79.3
64.8,41,26.5,70.1,55.4,61.6,69,68.8,13,43,68.1
49.6,44.6,79.4,53.8,50.1,57.9,40.1,51.7,20.2,57,54.9
69.9,33.1,32.9,70.2,65.2,73.4,71.5,70.4,14.8,21.2,68.7
62.5,41,26.2,60.4,54.8,77.1,61.4,66.6,16.2,37.6,72.5
55.1,46.9,30.3,45.6,62.4,63.4,56.3,54.3,22.6,59.7,56.2
60.9,42.6,21.8,50.4,63.5,65.7,61.4,73.4,13,41.8,75.7
67.4,33.5,31.1,62.9,64.5,73.2,70.3,70.8,4,35.3,64.2
58.4,42.6,23.2,58,72.5,49.1,55.3,52.9,22.5,49.2,54.3
57.2,41.7,24.3,41.6,61.9,73.1,54.3,71.2,5.2,48.7,72.6
52.4,36,28,50.4,70.6,62.9,33.5,51.9,19.1,42.3,45.1
44.9,33.3,72.1,64.3,74.9,14.3,26,30.6,61.1,18.5,19.3
43.3,32,67.5,52.1,58.2,23.9,38,37,36.2,34.3,23
61.8,21.8,23.9,50.8,51.5,75.8,68.9,74,8.7,1,63.2
46.8,36.3,24,44,47.2,40.2,47.5,67.6,5,43.8,61
57,25.9,24.2,65.1,48.1,58.6,57.9,54.3,10.4,19.9,50.2
57,24.5,27.7,61.5,47.7,72.8,57.1,44.1,17.3,17.1,41.9
37.1,32,71.8,58.1,56.7,10,20.9,29.6,57.2,18.5,19
44.5,34.7,22.2,27.7,55.6,43.6,57.5,42.2,10.1,44.8,48.6
56.5,22.2,25.2,60.7,52.1,52.7,58.5,60.4,4,9.7,59.2
42.4,32.2,33.3,43.6,63.6,26.6,36,39.8,32,20.3,45.8
47.5,30.4,22.1,35.2,63.3,31,51.9,65.2,4.8,20.1,72.6
40.6,36,16.9,19,60.2,50.1,41.2,48.3,4.1,46.5,57.8
42.4,30.6,29.5,53,39.7,45.9,34.5,42.3,16.9,32.2,43.4
32,39,23,15.8,40.7,21.3,45.3,49.1,5,52.1,58.2
37.3,33.1,16.6,49.3,27.5,20.5,45.4,44.9,11.9,29.6,61.1
29.7,26.5,79.5,44.3,29,23.9,23.9,30.6,42.3,31.3,1.8
45.4,22.5,27.4,44.8,63.9,33,37.4,51.3,11.8,12,47.6
30.8,34.5,22.7,30.1,38.1,26.9,25.9,48.7,4.5,41.7,57.6
75.5,54.8,84.7,81.1,69.7,66.9,71.3,91.1,27.8,59,77.6
71.5,53,86.8,74.6,74.7,79,53.2,83.1,27.7,50.4,82
74.1,49.4,78.2,85.6,73,75.1,53.4,88.7,28.8,35.3,89.5
67.2,46.9,87.4,81.9,77,41.5,50.2,86.7,37.9,39.2,64.3
58.1,48.2,85.5,59.4,86.3,49.8,44.2,44.5,46.7,42.8,54.9
58.4,52.8,60.6,50.4,55.5,67.1,60.2,70.2,5.2,68.5,84.4
58.1,43.5,89.7,69.9,87.2,39.9,36.5,48.5,45.1,38.1,46.1
52.4,41,81.1,60.1,50,57.9,34.9,74,20.5,43.2,59.9
59.8,32.4,55.3,68.1,43.3,59.5,57.9,78.3,40.2,7.4,54.8
57.9,37.2,42.8,72,38.7,62.5,47.9,80.3,24.7,23.3,67.4
60.2,39.2,24,63.1,54.3,66.6,53.2,72,14.1,37.1,69.6
51.9,39.9,43.6,59.3,41.2,62.2,46,57.1,25.2,48.9,43.2
54.7,40.3,27.6,46.8,74.5,45.4,56.2,46.7,14.6,50.9,53.5
57.4,32.4,34.1,52.2,49.7,75,53.8,69.2,10,25.6,65.1
55.4,34.7,31,37.7,70.6,73.4,50,58.8,1.5,45,57.7
56.7,27.4,38.6,65.2,30.8,82.5,55.7,58.8,48.1,8.1,27.5
43.1,41.2,21.8,42.6,44.7,37,38.5,68.4,9.1,46.2,69.2
60,20.9,29.4,48.3,57.7,68.4,64.3,72.2,4,9.3,54.3
44.7,37.4,19.9,30.7,43.8,50.5,51.9,64,4,37.9,73.7
48.6,32,24,49.5,50.8,57.4,38,59.2,4.5,39.5,52.2
50,31.7,19.8,50.6,35.9,48.9,64.1,52.7,4,30.6,63.8
45.2,34.9,25.3,33.1,47.6,65.1,44.7,48.9,9.4,47.6,46.5
48,31.1,24.3,45.5,53.7,55.7,43.4,46.3,4.5,36.3,52.7
50.5,27.7,23.7,52.2,60.5,58.2,35,52.1,5.8,23.8,56.9
41.2,35.6,25.7,30.1,44.4,28.9,55.3,58.3,10.5,45.6,49.4
43.8,32.9,26.4,48.1,51.7,29.8,42.8,45.5,14.1,36,49.2
35.2,35.6,55.3,38,45.4,34,29.5,34.4,45.2,31.4,28.2
33.4,34.9,55.3,27.4,69.2,7.8,27.6,38.4,36.3,27.2,42.5
49.8,25.9,24.8,36.4,76.6,21.6,63.4,41.2,38.8,1,42.1
40.3,29.5,50.3,46.7,55.7,24.7,27.6,53.3,31.3,24,32.7
40.1,34.5,21.2,21.7,56.2,37.6,57.7,27.8,22.7,26.9,56.2
41.2,30.6,23.7,25.2,50.3,49.8,46.2,47.1,4.5,44.5,40.4
43.3,23.8,19.7,26.5,58.8,39.6,49.2,51.9,4.8,12.4,59.8
35.2,25.9,55,43.7,50.5,20.4,29.7,28.8,48.2,9.7,20.9
69,55.9,84,81.3,60.5,64.3,55,90.1,38.1,44.4,88.9
58.8,67,70,61.3,74.9,35.4,51.1,71.2,57.1,67.4,73.7
65.5,56.2,86.5,80.6,76.1,46.9,51.9,63.4,30.2,60,78.5
68.3,52.1,87.8,91.2,58.4,66.7,44.9,87.1,31.9,46.3,80.3
60.7,57.7,74.4,70.6,76.1,38.1,48.6,66,51.6,63.5,54.8
62.3,53.2,60.6,64.9,79.6,45.3,53,65.4,31.7,65.9,58.2
57.9,50,76.1,74.6,68.9,21.3,49.7,66.6,58.9,36,56.5
53.5,51,75.4,63.8,56.7,34.7,46.7,67.2,67.9,31.8,54.2
68.5,41.5,28.8,66,66.9,67.6,71.8,71.6,11.7,40.7,74.8
67.4,42.1,23,72,59.2,63.8,70.1,71,8.9,43.1,77.5
60.2,46.4,27.9,67,43.9,69.5,58.7,67,29.9,45.4,64.3
61.8,36.9,59.5,68.8,79.6,47.5,43.2,69,37,25,50.3
45.4,50,63.2,52.2,45.3,22.7,42.1,76.9,45.7,46.6,57
46.8,46.4,68.8,41.1,47.5,38.1,53.1,63.6,25.6,60.7,50.3
48.6,42.4,77.9,51.8,79.1,26.8,35.5,46.1,49.4,33.2,44.5
64.1,37.4,25.4,59.9,48.5,67.6,78,70.8,4,40.4,70.3
54.9,46.4,23,72.6,42.4,51.8,49.1,59.8,23.6,49.7,66.7
46.6,39.4,82,46.8,63.8,34.6,25.8,81.3,24.7,22.9,76.3
57.2,39.9,31.3,44.5,59.9,75.7,51.8,71.6,6.1,44.4,71.8
48.2,40.6,63.1,71.8,44.9,25,44.2,44.9,49.2,28.6,44.1
51.2,35.1,74.1,61,65.2,49.5,37.5,38.6,34.9,43.7,23
48.6,36.5,64.4,57.5,63.6,35.2,39.5,42.7,39.4,39.7,28
53.3,35.6,22.4,53.6,64.8,60.1,39.6,53.5,4.7,46.1,56.3
44.7,29.5,73.4,50.1,32.9,34.6,58.8,45.7,23.2,36.7,26.2
52.8,32.2,22.4,41.5,52.4,63.2,53.5,70,5.2,30.9,63.4
44.3,28.1,75.1,37.9,67.6,44,36.2,37.2,41.2,28.4,11.8
53.3,28.8,30.4,55.7,74.3,54.7,33.2,51.1,4.7,37,44.5
27.4,44.6,62,28.5,47.4,14.5,19.7,34.6,33,46.8,52.6
32.5,40.6,53,33.7,35.4,14.9,33.2,60,32.9,38.9,49.8
57.9,20.7,27,57.8,61.8,62.4,51.5,60.4,14.3,1,52.9
46.3,34,16.4,27.7,60.7,54.7,47.8,54.1,4.1,37.7,62.1
36.6,32.9,62.7,56.8,66.9,14.6,11.2,26.4,56.4,9.7,34.7
54.4,24.5,24.3,51,42.7,66.3,55.2,72.4,1.1,18.1,58.1
44.7,31.7,23,34.3,37.9,47.6,57.2,59.8,16.2,20.8,63.3
56.5,17,30.1,65.2,41.4,67.1,56.8,56.9,6.3,10.6,37.7
54.7,19.5,23.4,51.4,55.3,69.2,45.8,65,5.2,10.4,46.8
32.7,30.6,54.9,54.1,44.8,15.5,14.4,31.6,50.3,18.5,22.7
29.9,27.4,79.1,41.2,31.9,23.6,24.5,32.2,52,18.5,9.8
33.6,27.9,43.5,37.6,49.6,43.3,21.9,15.9,19.6,42.2,17.8
48.4,15.7,45.9,65.6,36.4,67.1,35,39.6,17.2,18.5,10.1
70.6,62.5,76.6,89.3,58.7,65.6,54.4,89.1,33.9,61.4,93.7
72,53.2,71.5,90.1,59.4,61.6,62.7,87.1,33.7,49.1,78.3
68.5,51.4,89.7,87.6,58.1,71.5,45.8,90.5,21.8,48.7,86.4
57.7,59.3,88.7,53.1,60.5,52.4,54,79.9,51.8,54.9,71
62.8,57.3,75.4,75.6,50.3,52.2,64.4,68.2,45.3,52.9,73.7
69.9,41.5,76.6,79.1,64.6,79.2,49.6,87.1,27.3,30.4,70
67.2,42.8,82.3,87.6,60.7,58.5,48.2,84.3,48.2,28.3,54.1
65.8,45.1,76.7,75.4,58.9,76.4,47.2,84.1,25.8,33.6,79.9
58.8,54.3,64.6,56.6,78.6,54.1,46.1,59,38.9,65.1,55.7
72,47.1,37.1,71.2,78.2,72.2,67.2,70.8,20.5,45.5,77.6
56.3,57.1,57.6,73.7,60.7,50.1,40.8,52.1,39.6,63.5,66.3
52.8,55.5,66.8,45.7,83,31.3,47.9,53.7,32.5,63.3,68.2
48.4,53.4,82.9,56.8,44.1,45.4,38.9,68.4,45.1,48.7,65.9
51,49.8,75.3,52.9,81.5,27.3,30.5,68,29.7,53.3,65.6
58.4,44.2,65.8,65.2,73.1,51.2,42,61.8,32.2,42.5,58.2
47.7,52.3,75.7,50.6,80.2,14.3,40.8,43.3,51.4,48.4,56.3
54.2,45.5,72,75.9,31.3,65.8,39,69.4,40.3,31.9,67.6
44.3,53,80.6,52.1,65.2,29.7,28.4,45.9,45.4,70.4,36.2
48.4,49.8,72.1,46.8,73,31.5,40.1,51.5,40.5,58.3,47.3
63.7,43.9,28.7,61.4,59.8,77.1,56.5,74,12.2,52.4,67.9
48.6,49.4,72.3,43.2,76.5,38.6,42.4,38.2,26.6,66,51.8
48,48.2,78,48.2,77.3,31.1,36.4,43.5,58.7,48.4,34.1
54.2,40.3,83.4,60,43.3,54,59,56.7,58.8,25.4,37.1
60.4,32.9,86.6,81.8,57.4,43,44.7,77.5,36.3,23.4,40
63,42.6,28.1,64.6,59.6,66.6,57.2,71.2,20.5,36.5,73.8
44.5,47.8,87.5,47.3,70.1,29.9,35,33,54.5,55,27.7
48.9,47.8,67.1,45.5,75.6,33.9,40.7,45.9,39.7,55,44.5
63,39.2,38.8,74.8,47.2,77.7,52,71.6,12.5,34.6,74.1
44.5,51.9,61.6,44.2,65.6,39.2,21.2,69.8,33.1,59.7,60.6
61.8,43,24.3,58.6,50.5,69.6,68.1,68.2,4,53.7,72.3
62.8,40.6,27.2,58.5,66,64.5,59.4,73.6,4,41.3,79.9
49.3,47.6,55.5,57.3,62.9,34.1,33.3,63.8,25,53.3,63.3
47.5,42.8,84.3,57.1,39.6,36.8,47.6,59.4,44.9,21.3,67.1
52.6,38.1,79.8,70.7,61.1,31.1,43.9,46.1,50.6,31.2,31
60.9,41.9,24.2,60.6,53,67,60.2,71.8,4,46,78.7
49.8,42.4,69.2,59.2,48.5,36,43.2,68.2,15.9,56,52.8
47.5,44.2,70.3,49.3,41.6,47.2,37.8,82.1,8.6,52,73
63.2,36.9,30.6,59.1,52.9,71.1,68.4,72.8,4,39.3,69.7
66.2,33.8,30.9,61.9,65.7,63.7,71.8,68.2,4,34.4,66.3
59.8,39.9,29.5,61.4,52.2,78.3,47.5,73.4,14.7,36.3,71.5
57.9,42.6,24.4,55.2,48.9,61.2,61.6,71,4,49,77
46.3,41.5,82.4,56.5,31.8,42.4,42.4,70.4,43.6,31.3,50.5
57.2,35.4,57.4,62.2,74.5,54.7,35.5,63.4,18.4,55.7,25.9
46.6,47.6,43.5,43.7,43.5,59.3,34.4,73,14.1,52.5,77.8
57.2,40.1,29.5,60.3,44.1,64.4,56.1,71.2,4,42,77.5
48.4,44.4,46.8,60.5,61.9,27.1,36,54.9,28.8,45,59.4
57.4,38.5,30.1,53.5,53.7,75.7,49.6,68.4,6.6,43.9,65.9
60.9,35.1,27.2,58.4,60.2,78.1,52.7,64.4,8.7,36.4,62.4
47.3,37.4,77.8,60.3,53.6,34.7,34.2,56.1,28.1,37.7,46.4
44.3,45.5,54.7,38.2,31.5,39.9,53.2,76.3,20.8,37.7,82.3
44.7,41.5,66.3,61.1,42.5,42.8,30.7,50.7,32.8,41.6,49.5
59.3,35.8,25,58.9,49.5,55.1,66.1,69.4,4,37.7,68.8
56.1,37.4,30.3,58.8,43,64.8,59,60.2,4,41.1,69
56.5,38.7,21.8,62,37.2,73.5,56.1,64.6,24.8,31.8,62.6
62.5,29.3,35.2,68.8,53.3,64,59.8,69.2,11.9,17.5,63.4
46.6,35.6,77,56.4,31.2,46.2,39.5,78.7,29.9,26.2,52.4
55.6,37.6,26.2,57.5,49.6,47.5,58.7,69.6,4,43.7,66.8
49.1,34.7,67.9,54.6,57.8,34,35.5,73.2,24.6,25.5,57.3
49.6,43.9,23.6,64.9,45.2,54.4,37.8,46.5,29.7,50.9,48.8
59.8,31.5,30.1,57.6,49.8,69.3,62.2,67.6,17.8,18,63.3
37.1,49.8,51.3,35.3,70.8,13.4,26.5,41.6,29.4,56.5,62.3
60.7,31.7,25.1,59.8,56.8,60.9,62,67.6,4,25,71
63,29.7,23.7,60,56,71.5,68.1,61,4,24,65.6
58.6,34,24.7,60.9,45.5,65.4,60.3,68.2,4,35.4,65.3
51.4,34.5,52.9,57.6,69.7,35.4,52.8,23.7,40.3,15.2,51.8
54.7,37.8,22.2,56.5,47.2,59,54.9,64.6,6.5,37,73.2
47.7,30.6,81.7,67.3,51.3,20.8,44.8,43.7,43.4,18.5,31
55.4,36.3,21.5,51.6,62.5,50.9,51.3,68.6,4,33.6,75.3
55.8,33.8,22.9,67,36.3,58,60.1,60,13.1,32.3,57.6
36.6,43.9,62.8,37.2,36.6,27.1,29.3,74.4,35.6,46.5,48.5
55.1,34.7,20.7,60.2,37,70.6,50.7,71.6,5.2,29.1,74.9
50.7,38.3,22.9,29.5,63.8,59.2,53.8,64.2,4.8,41.7,70.9
40.8,42.4,47.6,41.8,65,36,24.2,41.4,33.9,48.3,42.5
55.1,33.3,22.6,58.3,52.4,51.7,51.7,70.8,8.9,33.2,60.6
56.7,31.3,22.6,57.8,53.8,66.3,51.2,63.6,4,25.7,68.6
48.2,40.1,22.5,40.6,63,56,35.2,60.8,5.2,46,71
37.8,43.9,51,36.5,30.5,21.7,59.9,37.6,25.5,52,52.8
45.2,42.4,22.8,33.8,63.7,46.6,43,44.5,22.7,46.9,57.2
48.4,31.1,57.9,52.3,60.9,46.9,36.5,47.3,18,22.6,56.1
56.7,30.6,23.4,46.3,50.2,66.9,65.6,63.2,4,35.3,53.5
50.3,36,28.9,40.5,70.5,38.8,49.1,55.9,7.3,43.9,57.3
51,36.7,22.6,45.7,38.8,70.9,49,67.4,13,30.7,69.7
43.8,41.7,21.7,25.9,67.9,16.2,54.2,61.4,4.8,51.6,68.9
44.7,39.7,26.5,41.4,73.2,23.6,38.5,45.3,23.2,44.4,50.5
56.1,27.9,28.3,58.6,44.6,66.3,57.4,60.6,4.4,22.6,60.9
42.2,37.6,48.3,38.5,79.7,29.5,32,24.1,59.6,17.3,37.4
56.3,30.6,18,65.1,42.2,64.8,60.9,45.3,11.7,16.5,68.9
60.7,23.4,28.4,61.4,50.8,60.3,66,68.4,4,7.8,65.6
42.6,30.2,76.6,53.7,34.7,46.3,43.6,33.6,37.1,18.5,36.4
54.9,29.9,22.7,49.2,64.4,51.5,53.8,61.8,4.8,21.1,69.3
48,36.9,22,55.2,52.7,42.4,44.1,42.9,9.1,47.7,52.7
58.4,16.4,68.3,78.5,47.3,69.6,45.8,48.7,3.1,15.9,31.8
45.6,28.8,65.3,48.8,69.2,27.9,33.8,48.7,15.9,24.5,47.5
62.3,21.8,23.2,70.5,44.1,69.3,64.5,64,10.4,7.2,52.8
46.8,35.8,27.7,37.3,59.7,57.4,42.6,44.5,22.6,43.3,38.9
51,32.6,21.3,48.4,56.3,71.1,34.1,59,5.2,37.2,57
44.9,36.7,25.3,39.4,62.9,31.4,42.1,56.1,5.7,50,52.7
46.3,36.3,22.1,53.8,41.8,54,31.2,66,19.3,33.6,57.5
40.1,30.8,70.8,62.7,40.3,17.6,36.1,36,47.8,18.5,26
59.3,20.4,26.7,57.2,41.9,69.3,68.6,66.2,4,11.3,50.5
48.4,33.1,22.3,38.4,58.2,37.3,51.7,68.8,5.2,26,73.2
52.4,27.2,23.1,57.5,41.4,59.5,52.8,55.7,11.9,29.6,41.1
42.4,36.3,24,45,57,39.2,31.9,43.7,11.8,51.8,42.1
50.5,28.3,22.3,50.6,54.9,65.8,33.3,61,5.2,27.9,54.9
52.4,26.1,25.3,47.8,74,61.8,36.4,48.7,12.5,23,44.4
51.9,26.8,24.1,53.1,40.1,62.4,53.8,58.5,4,19.5,61.9
32.5,38.1,54,30.2,54.5,14.2,30.2,36.6,35.4,39.7,37.7
38.7,29.9,62.1,50.3,68.9,6.1,24.6,37.2,48.5,18.5,22.6
34.1,30.8,75.5,44.1,51.3,20.1,23.9,30.4,42.4,29.5,17.7
44.7,32.6,20.6,45.7,57.9,50.9,29.1,48.1,13,37.2,47.6
57.4,18.2,22.5,72.4,45,66.4,53.5,45.3,14.1,1,44.7
39.6,28.1,60.4,41.2,51.1,35.9,37.6,34.2,40,19.8,23.7
48.4,27.2,24.5,50.3,50.4,52.5,38.3,64.4,9.4,17.3,60.2
45.2,23.2,59.2,60,40.1,40.8,42,39.6,29.8,18.5,20.6
50.3,25.4,20.2,56.7,65.7,40.9,40.4,44.9,8.4,10.8,62.9
54.4,19.5,17.4,66.6,45.6,65.1,49.6,40.8,11.6,7.1,44.8
44.7,27.4,32.3,44.7,59.5,34.9,38.9,48.7,2,39.7,39.7
52.1,20.4,25,57.3,38.1,70.8,47.9,54.1,11.9,7.9,45.9
35.5,26.5,80,58.8,32.6,31.7,20.8,32.8,42.5,18.5,18
41.2,32.6,23.1,21.8,63.5,21.4,49,61.8,4.8,30.3,65.8
39.4,33.5,28.5,31.1,45,46.3,39.6,47.3,14.4,41.1,44.1
41.2,34.9,16.7,35,65,33.7,38.8,32.2,17,43,43.2
38,32.4,21.4,19.4,60.9,21.8,46.9,49.1,4.8,36.1,58.3
41.9,29,22.7,46.5,44.8,40.4,35.5,50.9,10.8,32.1,44.8
32.5,31.3,60.1,38,37.7,26.9,24.9,43.3,29.5,43,16.6
34.8,26.1,66,36.3,51.9,29.1,25.4,36.8,17.2,33.8,25.7
40.6,28.8,23.4,35.3,37.4,48.9,40.5,58.5,13.3,24.5,50.7
38.7,33.1,20.3,27.5,49,51.2,39.6,34,22.6,40.6,33.7
54.7,18.2,18.8,63.5,49.7,59.8,48.2,54.9,6.3,4.3,50.1
43.8,24.3,21.8,23.6,60.2,40.8,50.5,55.5,4.8,8.9,65.9
31.1,30.2,53.7,38.4,38.9,24.2,27.3,28.4,31.2,33.6,23
34.1,24.3,65,46.7,42.7,26.8,21.9,33.8,22.8,25,23.6
30.4,35.4,26.2,37.9,42.1,34.6,22.3,14.9,32,50.1,18.2
41.5,22.9,27.7,35.8,62.9,31.3,37.1,44.1,5.7,16.9,49.2
47.7,18.9,23.1,50,38.1,55.4,46.1,60.8,5.2,2.7,54.3
45.4,23.4,21.3,54.7,38.7,55.6,44.1,29.8,8.7,20.6,43
40.1,27.2,21.1,34.3,52.5,51.1,26.5,51.9,5.2,32,45.4
32.9,32.9,25.7,27.7,62.4,12.6,30.5,32.2,12.2,53.9,27.4
40.8,26.8,23.3,19.8,64.5,58.9,33.9,42.2,3.7,28,49.8
31.3,34.2,21.7,34.3,40.8,29.9,20.2,43.1,22.2,44.7,33
31.8,33.1,24.9,31.5,46.2,32.1,33.4,11.9,14.9,59.3,18.6
48.2,65,86.4,55.1,52,39.1,40.3,61.6,49.7,67.5,75.3
54.9,55.7,60.2,65.7,70.1,40.5,42.3,49.5,54.4,52,59.2
42.4,61.1,86.1,48.4,44.7,53.3,29.9,44.1,44.5,69.2,65.9
48.9,59.1,61.8,61,42.8,29.1,52.5,58.8,50.3,61.7,63
45.2,56.4,82.1,52.1,45.5,42.4,30,70,44.8,53,71.4
51.9,47.3,72.1,59.4,68.5,38.2,31.5,68.6,29.2,50.8,61.6
48.4,48.5,73.1,63.6,38.2,57.3,38.9,47.5,42.3,41.4,63
41,52.8,83.7,37.3,42.4,37.3,45.8,52.3,40.8,47.5,70.9
47.3,46.2,78.1,45,68.3,26.8,39.9,61.8,21.5,43.1,77
50.5,47.3,56.6,58.5,50.9,46.7,35.5,74.2,22.2,60.3,56.7
41.5,53.2,68.6,45.8,64.8,10.8,31.3,58.3,40.8,50.6,68.3
44.9,47.1,77.1,54.1,35.3,33.6,43.5,68.2,41.8,24.5,80.2
60.7,39.7,30.1,61.9,57.7,67.7,53.5,71.2,11.9,35.2,75.7
41,47.1,83.9,45.4,79.9,19.5,21.2,35.4,59.8,41.3,37.5
41.2,48,68.6,50.5,66.1,17.5,23.9,50.3,48.4,47.1,46.1
45.4,41,81,68.3,52.1,21.1,29.3,53.5,53.4,37.7,29.1
45.4,48.2,49,38.3,78.7,25.9,33.3,55.5,35.3,57.9,48.5
47,50.3,25.6,49.4,62.4,20.8,44.8,59.4,35.6,54.8,59.3
67.4,24.3,48.5,90.1,57.2,70.3,49.3,69.4,28.8,18.5,26
44.5,39.9,80.5,52.8,54.4,31.4,29.8,63.2,13.6,51.6,52.9
43.6,38.1,86.6,48.1,70,34.4,29.8,30.4,39.9,43.8,26.8
59.5,34,31.5,65.7,62.4,52.5,58.1,54.1,11,34.7,57.5
46.6,38.5,69.8,55.5,53.3,51.7,27.2,53.7,17.1,44.2,54.2
58.1,37.4,24,60.6,48.9,71.8,50.9,69.4,4,44.2,65.4
41.9,40.3,79.8,58.2,38.9,30.5,37.9,41,43.9,29.6,48.1
46.3,33.1,86.6,71.6,38.8,49.5,27.8,41,64,9.2,27.1
45.2,38.3,70.2,62.6,41.4,60.1,22.3,48.9,21.1,51.6,38.7
48,32.6,70.3,60.8,82.3,10.4,36.6,34.4,53.3,18.5,26.1
37.1,46.4,57,34.5,63.3,12.3,33.7,43.7,32.3,51.6,53.5
42.4,38.1,69.7,50,62.1,39.2,28.1,30.8,58.2,18.5,39.3
41.5,34.9,87.4,47.8,58.7,49.6,21.2,34,41.4,34.4,26.8
49.8,28.6,75.8,47.9,66.5,48,36.1,58.1,10.7,23.7,54.7
36.2,44.4,62.5,55,52.6,15.9,18.1,35.8,41.3,42.8,47.8
39.9,44.6,46.6,33.7,63.4,12.1,38.3,61.2,9.8,48.1,77.7
42.9,34.7,71.5,50.2,65.4,36.9,20.9,45.3,9.8,38.5,56.9
42.4,34.7,73.5,48.5,36.7,39.4,41.8,52.3,28.8,21,57.9
44.7,30.8,81.6,60.4,47.9,41.8,21.3,65,27.4,40.7,20.6
44.3,33.8,68.5,48.4,75.4,14.3,33.4,46.7,30.5,45,21
56.5,30.6,23.5,64.8,41.5,71.1,50.8,60,13.3,30.9,48.5
42.9,33.5,72.8,47.7,37.4,62.4,34.2,42,13,50.8,33.2
38.5,35.1,82.3,48.9,29.5,38.2,33,51.7,43.7,18.5,45.2
51,34.9,22.9,58.9,42.6,57.7,42.7,62.8,4,36.8,66.1
48.4,37.4,24.1,46.1,68.6,46.7,31,59.4,5.7,50.9,53.5
43.6,32.4,67.9,45.2,76.2,21.7,34,35.4,51.4,17.3,29.2
35.2,43.7,54,34.4,39.4,13.6,38,63.4,27.4,57,43.3
44.3,31.5,66.4,72.6,29.1,43.4,30.7,45.5,43,13.2,41.1
48.6,34.9,29.6,56.7,65.2,45.1,30.9,45.7,14.8,35.7,55.1
45.4,33.1,55.7,50.5,34.8,57.2,42.8,49.7,36,18.8,47.3
48.4,35.6,26,38.5,53.7,60.3,47,53.7,22.6,27.9,59.1
43.8,28.8,76.2,66.1,63.4,26.8,24.5,26.6,41.4,18.5,27.3
53.7,30.8,21.5,58.9,39.3,61.2,52.8,65.6,4,28.1,63.7
39.2,36.9,55.8,42.1,45.6,37,28.4,53.1,32.3,53.7,19.3
53.7,29.7,22.8,56.7,39.7,59.6,56.9,61.6,4,30,57.8
35.2,35.4,77.8,42.6,59.8,17.6,21.4,34.4,33.6,43.5,25.7
38.2,31.1,80.9,60.6,39.3,30.7,25.5,32.8,38.1,33.6,18.3
44.9,36.3,25.7,52.6,63.6,30.8,32.4,42.7,9.6,53.1,43.7
53.5,26.3,21.1,60.9,43.5,64.4,42.3,67,6.3,25,50.2
36.2,31.7,65.9,49.5,62.3,13.6,13.1,45.3,25.8,34.2,33.7
55.8,21.8,22.5,58.3,50.9,64.7,48.4,68.6,4,8.7,58.2
51.2,27.9,16.6,51.1,47.1,62.2,46.7,59.2,4,20.6,63.9
48,25,36.8,46.5,70.1,25.9,44.7,51.9,19.9,15.5,42.2
32.2,32.6,69.8,46.1,41.7,18.8,23.6,30.8,16.4,54.5,21.1
34.8,25.9,79.9,51,49.2,13.4,25.2,29.6,41,18.5,17.2
50.5,24.5,21,48,49.6,56.4,55.6,43.9,7.9,8.1,63.5
41,31.3,23.8,43.3,59.3,32.4,26.4,51.7,5.7,39.9,47.5
36.2,36.7,16.5,35.8,41.3,48.6,31.3,31.8,21.5,42,46.1
31.5,37.2,33.3,37.3,34.3,43.1,30,11.5,28.4,37.6,44.5
40.3,32.2,23.2,39.3,62.9,23.1,40.5,29.8,10.7,38.5,47.8
35,34.7,23.6,26.8,29.3,15.9,60.5,47.7,16.5,46.4,38.4
46.8,20.2,46.6,63.8,58.3,33.6,30,44.1,29.2,18.5,11.2
38,32.2,20.9,46.8,43.7,35.2,32.8,29.6,6.6,60.1,24.1
43.1,27,26,39,66.5,34.9,30.4,53.5,29.9,10.6,43.8
49.6,21.1,27.6,56.8,60.3,40.4,35.8,62.6,5.7,16.7,44.1
37.8,33.8,23.1,28.2,58.3,21.4,34.2,60.2,5.7,42.5,53.3
36.9,29.3,49.7,47.9,50.8,25.9,25.6,34.8,31.1,26.2,29.5
30.6,34,45,30.9,46.2,36.6,24,18.3,30.8,43.8,23.9
40.1,26.3,25.5,40,64.5,34.7,24.8,41.8,5.2,49.4,19.2
41.9,25.6,17.4,44.5,33.9,49.6,40.1,53.3,4,23.6,52.3
48.9,19.5,23.5,57.2,36.1,58.8,41.2,63,4,6.2,54
27.1,33.5,59.5,39.5,35.9,22.1,13.2,31.8,11.2,59.6,23.8
30.4,32.9,35.2,34.4,39.3,17.8,29.9,36.8,61.3,9.7,28.9
35.7,30.2,22,37.4,53.8,29.8,23.1,42.5,5.8,43.6,39.5
36.4,31.1,21.6,39.9,50.1,31.7,27,38.2,5.8,42.3,43.8
49.8,19.1,18.3,63.9,24,75.3,48.7,37.8,5.2,11.8,44.1
36.9,23.4,61.1,50.5,46.8,29.4,22.6,33.4,39.3,19.9,8.1
32.2,24.1,68.3,45.6,49.9,15.5,19.1,27.4,30.5,28.5,10.3
48.4,18.4,18.3,54.7,39.6,63.2,39.7,54.7,17.1,4.1,37.4
45.2,22.9,20.2,61.2,31,57.4,37.7,44.5,8.8,25.6,34.4
37.3,27.9,23.1,44.7,47,35.6,22,45.3,21.4,26.3,35.8
46.6,45.5,73.3,56.2,59.7,43.4,23.3,59.6,13.4,67.3,52.3
48.9,30.8,70.5,60.3,63.3,36,29.3,62,13.5,33,47
44.5,36.5,55.2,42.4,42.3,59,33.4,65.2,25,19.6,70.3
46.8,36,47,62.3,61.4,22.3,26.3,65,29.2,27.8,53.4
41.7,35.8,68.9,50.1,55.6,32.1,30.2,41.4,56.4,14.4,38.2
42.4,39,50.8,57.3,45.9,42,23,52.3,17.7,45.7,52.2
39.6,36,64.6,53.8,49,33.4,18.4,52.7,50,26.6,30.4
34.5,37.4,64.6,45.1,42.9,31.3,21,37.2,11.5,43,58.6
44,37.2,23.9,57.5,55.1,26.5,29.1,54.1,5.7,50.4,53.5
40.8,29.3,65.6,53.2,32.5,50.5,39.5,25.8,35.5,14.5,40.2
36.2,34.5,57.5,41.5,49.7,23,24.9,49.1,30,28.6,45.4
42.2,23.8,66.5,65.2,44.8,39.1,20.2,44.1,17.6,29.3,23.3
44.3,26.3,41,56.3,48.9,47.2,23.6,54.5,13.5,25.8,41
38.5,33.1,16.9,33.9,18.1,53.4,48.9,55.5,1.1,34.2,67.3
46.6,25.2,22.1,36.6,56.7,47.8,43.4,62.2,4.8,12.5,64.6
30.8,32.4,57.1,50,25.9,28.9,22.4,28.4,47.1,18.5,32.1
41,29.7,24.2,38.5,62.9,28.5,33.2,45.7,5.7,36,47.5
26,29.7,74.8,33.6,43.4,20.4,12.5,25.8,15.1,46.2,23.4
28.8,26.8,76.3,46.7,18.9,34.6,15.6,40.6,15.2,34.8,28.4
37.3,25.9,44.3,48,50.8,23.1,31.9,26,33.2,18.5,25.9
41.9,24.5,19.4,50,40.6,52.4,33.6,36,11.9,20.6,43.3
32.5,34.5,18.8,41.6,37.5,46.6,22.6,12.7,31.4,56.1,8.6
38.7,29.5,21.2,58.1,41.2,46.6,16.7,33,5.5,43,38.4
36.2,24.3,47.4,47.3,54.5,26.3,13.8,45.5,6.6,44.9,17
32.7,35.4,20.8,43.3,45.8,27.6,15.2,38.2,5.8,52,45.9
35.2,24.7,48,35.8,49.6,45.1,20.3,33.2,28,20.9,24.4
